S. No.,UWTP ID,Lat Long,State ,Design capacity (MLD),Operational capacity (MLD),BOD_P1(mg/L),BOD_P2(mg/L),BOD_P3(mg/L),COD_P1(mg/L),COD_P2(mg/L),COD_P3(mg/L),TP_P1(mg/L),TP_P2(mg/L),TP_P3(mg/L),TN_P1(mg/L),TN_P2(mg/L),TN_p3(mg/L),TSS_P1(mg/L),TSS_P2(mg/L),TSS_P3(mg/L),FC_P1(MPN/100ml),FC_P2(MPN/100ml),FC_P3(MPN/100ml),BOD SCORE (11 mg/L),COD SCORE    (55 mg/L),TP SCORE        (1.1 mg/L),TN SCORE           (11 mg/L),TSS SCORE   (22 mg/L),FC SCORE    (253 MPN/100 mL),TOTAL SCORE  (MAX. 60),Latitude,Longitude
1,TN-803339-023,"13.0373199, 80.195908",Tamil Nadu,10,10,,42,5.8,,116,23.7,,1.6,0.42,,39,39,,38,2.1,,210,140,10,10,10,0,10,10,50,13.0373199,80.195908
2,TN-803339-10,"13.033739, 80.193252",Tamil Nadu,54,37.43,,42,9,,102,32,,1.4,0.28,,16,35,,28,1,,120,220,10,10,10,0,10,10,50,13.033739,80.193252
3,KA-803054-005,"16.783169, 75.737179",Karnataka,0.25,0.2,,18.5,15.6,,64.58,55.6,,1.39,7.44,,14.03,49.4,,37,10,,2,46,0,0,0,0,10,10,20,16.783169,75.737179
4,PB-800174-001,"31.949810, 75.598168",Punjab,5,2.5,,66,16,,220,43.2,,1.6,3.2,,28.4,20.46,,46,34,,542,14,0,10,0,0,0,10,20,31.94981,75.598168
5,RJ-800509-002,"26.0842442, 76.3780175",Rajasthan,10,0,,3,13.8,,40,36.3,,0.85,0.12,,1,0.98,,4,5,,26,11,0,10,10,10,10,10,50,26.0842442,76.3780175
6,KA-803067-001,"16.2293447, 77.3347508",Karnataka,20,20,,6.6,7.74,,32.13,28.3,,1,0.56,,10.8,2.69,,19,44,,2,70,10,10,10,10,0,10,50,16.2293447,77.3347508
7,RJ-800557-001,"24.5773017, 72.73278",Rajasthan,6,2.8,,2.5,1,,38,5,,0.38,0.05,,1.2,1,,4.5,6,,68,6,10,10,10,10,10,10,60,24.5773017,72.73278
8,HR-800369-005,"30.1160534, 77.2631847",HARYANA,25,25,2.4,11,1.5,7.97,54,6.5,0.054,2.2,0.13,1.34,16.2,1,14,12,5,140,460,4,10,10,10,10,10,10,60,30.1160534,77.2631847
9,HR-800369-004,"30.1291177, 77.3344166",HARYANA,24,24,2,14,7,5,65,25,0.144,2.24,0.05,1.99,15.5,1,12,14,56,90,520,25,10,10,10,10,0,10,50,30.1291177,77.3344166
10,HR-800369-001,"30.1212605, 77.3008013",HARYANA,10,10,5,12,1,15.9,60,4.5,0.114,2.13,0.12,0.75,22.8,1,18,11,5,170,510,3,10,10,10,10,10,10,60,30.1212605,77.3008013
11,HR-800369-002,"30.1278098, 77.2992349",HARYANA,10,10,11.4,11,2.5,35.8,52,12,0.076,2.16,0.72,1.71,18.9,1,26,14,8,60,540,6,10,10,10,10,10,10,60,30.1278098,77.2992349
12,HR-800369-003,"30.1161651, 77.2642939",HARYANA,20,20,11.5,10,1,36,50,5,0.146,2.7,0.05,0.53,28.9,1,10,9,5,26,240,3,10,10,10,10,10,10,60,30.1161651,77.2642939
13,DL-900118-024,"28.6460569, 77.0897219",Delhi,54.48,54.48,3,7,7.5,20,38,20,0,0.05,0.26,0,1.3,3.1,0,5,8,1.8,1.8,18,10,10,10,10,10,10,60,28.6460569,77.0897219
14,HR-800429-003,"28.4795314, 76.9907675",Haryana,50,45,5,5,1,20,25,6,0.05,0.05,0.05,1,1.4,1,5,5,5,1400,9200,4,10,10,10,10,10,10,60,28.4795314,76.9907675
15,DL-900118-036,"28.5870845, 77.0258129",DELHI,90.8,90.8,4,3,14,20,14,40,0,0.05,0.2,0,0.6,2.4,0,5,2,1.8,130,25,0,10,10,10,10,10,50,28.5870845,77.0258129
16,DL-900118-002,"28.52252252, 77.06514914",DELHI,23,23,13,5,23,70,26,90,0,0.05,1.7,0,1.6,16.4,0,5,45.9,2800,1700,120,0,0,0,0,0,10,10,28.52252252,77.06514914
17,HR-800429-007,"28.4723257, 76.9927485",Haryana,68,55,5,7,46,20,34,190,0.05,0.05,2.86,1,1.2,6.6,5,5,22,3500,7.8,110,0,0,0,10,10,10,30,28.4723257,76.9927485
18,WB-801744-001,"22.4735617, 88.1878038",West Bengal,9.3,9.3,5,23,19.2,12.48,49,58,1,0.8,0.21,22.64,6.64,11.2,10,25,16,1,22,10,0,0,10,0,10,10,30,22.4735617,88.1878038
19,HR-800430-001,"28.45142, 76.8157283",HARYANA,3,3,10,110,3,48,300,10,0.05,6,0.05,1,21.26,1,5,264,5,1.8,16,6,10,10,10,10,10,10,60,28.45142,76.8157283
20,HR-800380-001,"29.8738967, 77.05054",Haryana,4,2.296,6,7,4,30,20,3,0,0.5,0.18,0,4.53,1,0,14,13,920,11,4,10,10,10,10,10,10,60,29.8738967,77.05054
21,MP-802090-001,"26.5792478, 78.8281773",Madhya Pradesh,12,7,7.2,5.2,4.8,60,24,30,1.7502,0.05,4.28,8.24,0.5,8.96,12,5,8,1600,940,110,10,10,0,10,10,10,50,26.5792478,78.8281773
22,MP-802273-001,"22.7695741, 75.8759242",Madhya Pradesh,245,245,13.22,3.6,8.4,39.68,21,70,0.24,0.05,1.69,57.65,1.5,5.9,107,5,12,1,35000,412,10,0,0,10,10,0,30,22.7695741,75.8759242
23,CH-800286-001,"30.6752667, 76.7399647",Chandigarh,136.2,136.2,7,5.6,4,30,32,18,0,0.05,0.69,0,1.7,1,0,5,6,13,240,5,10,10,10,10,10,10,60,30.6752667,76.7399647
24,DL-900118-032,"28.5428492, 77.2849139",DELHI,136.4,136.4,6,5,12,30,24,30,0,0.05,0.26,0,1.2,2.9,0,6.2,3,1.8,1600,20,0,10,10,10,10,10,50,28.5428492,77.2849139
25,GJ-802484-016,"22.987758, 72.532946",Gujarat,48,48,19.6,8.75,5,75.75,29.96,1,1.21,0.82,1.37,7.98,5,2.3,8,10,95,1.8,17,2,10,10,0,10,0,10,40,22.987758,72.532946
26,WB-801742-002,"22.5222732, 88.2848132",WEST BENGAL,57,0,4,15,21.2,12.48,39,76.8,1.447,2.1,0.49,25.46,6.6,10.36,8,27,21,161,110,10,0,0,10,10,10,10,40,22.5222732,88.2848132
27,GJ-802484-009,"23.0368244, 72.576396",Gujarat,25,0,8.78,8.5,5,30.61,30.14,9.9,0.872,0.548,1,6.63,6.72,1.15,9,8,79,1.8,110,2,10,10,10,10,0,10,50,23.0368244,72.576396
28,GJ-802629-022,"21.2198654, 72.8151113",Gujarat,255,140.29,70,9.8,9.56,233.28,39.31,40.28,3.58,1.09,1.02,1.68,5.22,6.37,11.2,7,39,17,1.8,17,10,10,10,10,0,10,50,21.2198654,72.8151113
29,HR-900322-001,"30.0172385, 77.1600791",HARYANA,3.5,3.5,6,25,2,30,40,10,0,0.1,0.05,0,4.65,1,0,3,5,2200,25,3,10,10,10,10,10,10,60,30.0172385,77.1600791
30,HR-800384-001,"29.5346775, 76.9655662",HARYANA,7,7,9,180,10,50,380,6,0,6.7,0.32,0,26.15,1,6.5,22,21,5400,80,7,10,10,10,10,10,10,60,29.5346775,76.9655662
31,HR-800431-001,"28.22785, 77.07767",HARYANA,6,6,20,125,5,110,300,14,0,10,0.32,0,15.13,1,5.6,53,22,5400,90,6,10,10,10,10,10,10,60,28.22785,77.07767
32,MP-802273-002,"22.663108, 75.8300278",Madhya Pradesh,7,6,2.64,5.2,2.4,7.93,32,20,0.54,0.05,2.18,28.82,1.1,5.04,99,5,34,1,920,418,10,10,0,10,0,0,30,22.663108,75.8300278
33,DL-900118-011,"28.6076192, 77.3223526",Delhi,45.4,45.4,4.8,4.4,26,20,25,130,0,0.05,0.05,0,1.3,6.96,0,5,5,1.8,1.8,840,0,0,10,10,10,0,30,28.6076192,77.3223526
34,CH-800286-005,"30.771039, 76.7497599",Chandigarh,7.5,7.5,7,3,1,42,15,3,0.05,0.05,0.05,0.1,0.7,1,5,5,5,14,1.8,6,10,10,10,10,10,10,60,30.771039,76.7497599
35,MP-802083-002,"26.5166295, 77.9832156",Madhya Pradesh,25,16,6.8,4.8,12,45.9,27,100,3.29,0.05,0.75,10,1.6,5.6,14,5,12,2,920,140,0,0,10,10,10,10,40,26.5166295,77.9832156
36,DL-900118-022,"28.7244211, 77.1088158",Delhi,181.6,181.6,5,3.2,13,20,18,40,0.05,0.05,0.34,1,1.7,2.6,5,5,5,920,350,15,0,10,10,10,10,10,50,28.7244211,77.1088158
37,HR-800429-006,"28.4211954, 77.0326648",Haryana,50,45,7,41,1.5,30,176.3,10,0,1.8,0.05,0,20.6,1,0,39.6,6,920,1503,6,10,10,10,10,10,10,60,28.4211954,77.0326648
38,HR-800429-004,"28.4179311, 77.033142",Haryana,120,120,6,39,7.5,30,168.6,30,0,2.3,1.2,0,22.4,1,0,28.3,18,1700,1585,13,10,10,0,10,10,10,50,28.4179311,77.033142
39,DL-900118-031,"28.6076246, 77.3223704",Delhi,114,114,2.8,6,24,10,28,120,0,0.05,0.05,0,1,18.5,0,5,5,920,920,940,0,0,10,0,10,0,20,28.6076246,77.3223704
40,GJ-802629-007,"21.1586511, 72.8170647",Gujarat,277,187,10,6.5,7.1,27.5,20.14,24.83,2.26,0.18,1.07,32.2,5,3.62,12,10,14,23,11,94,10,10,10,10,10,10,60,21.1586511,72.8170647
41,DL-900118-013,"28.589333, 77.299641",Delhi,40.86,40.86,6,35,19,30,60,90,0,3.3,0.05,0,6.27,13.5,0,7,5,1600,45,720,0,0,10,0,10,0,20,28.589333,77.299641
42,HR-800437-002,"28.160573, 77.3427812",HARYANA,10,10,7,45,18,40,110,12,0,3.3,0.58,0,15.26,1,0,5,42,17000,80,9,0,10,10,10,0,10,40,28.160573,77.3427812
43,HR-800361-001,"30.800848, 76.893224",HARYANA,5,5,8,40,4,30,90,13,0,1.7,0.35,0,8.53,5.5,0,17,15,920,30,9,10,10,10,10,10,10,60,30.800848,76.893224
44,DL-900118-015,"28.6978933, 77.286415",Delhi,68,68,4.6,38,7.5,20,90,20,0,1.7,0.22,0,7.86,2.4,0,9,4,3500,40,10,10,10,10,10,10,10,60,28.6978933,77.286415
45,HR-800429-005,"28.4748012, 76.9900475",HARYANA,100,100,2,56,1,10,120,5,0.05,3.3,0.05,1,21.4,1,5,12,5,3500,70,5,10,10,10,10,10,10,60,28.4748012,76.9900475
46,GJ-802484-008,"23.0601, 72.5757",Gujarat,60,60,16.2,7,6,65.65,23.1,18.18,0.898,0.1,1.68,8.02,5,6.9,10,10,113,1.8,14,4,10,10,0,10,0,10,40,23.0601,72.5757
47,MH-802788-002,"19.0092324, 73.0186154",Maharashtra,100,100,5,12,5.5,10,34.7,18.18,1.4,1.9,0.5,13.3,5.8,5.75,5,4,80,14,3500,1600,10,10,10,10,0,0,40,19.0092324,73.0186154
48,GJ-802484-012,"23.0900559, 72.6448676",Gujarat,60,26,15,6.25,5,44.4,21.9,9.9,5.5,0.1,0.5,7.76,5,0.5,7.3,10,44,2,13,2,10,10,10,10,0,10,50,23.0900559,72.6448676
49,GJ-802629-006,"21.1211867, 72.8164776",Gujarat,215,107,15.5,7.5,11.28,51.84,26.4,35.56,0.4,0.1,1.24,0.84,5,3.47,11.2,10,24,11,15,94,0,10,0,10,0,10,30,21.1211867,72.8164776
50,GJ-802484-014,"22.9816183, 72.5257833",Gujarat,240,180,23.6,6.25,22,110,17.5,137.25,4.64,0.1,2.47,3.95,5,21.84,19,10,221,1.8,21,1600,0,0,0,0,0,0,0,22.9816183,72.5257833
51,DL-900118-021,"28.7223388, 77.1071871",Delhi,182,182,5,6.5,3.6,30,39,10,0.05,0.05,0.18,0,1.4,2.4,5,5,2,1.8,1.8,16,10,10,10,10,10,10,60,28.7223388,77.1071871
52,HR-800361-003,"30.8391655, 76.9296785",Haryana,0.25,0,14.3,10,5,63.2,20,19,3.9,0.3,0.58,57.2,11.68,5.75,8.33,5,22,162,20,15,10,10,10,10,10,10,60,30.8391655,76.9296785
53,HR-800437-003,"28.180015, 77.323246",Haryana,2.5,2.5,7,26,15.5,40,75,65,0.05,6.67,2.9,0,21.5,6.5,5,59,17,28000,50,27,0,0,0,10,10,10,30,28.180015,77.323246
54,HR-800437-001,"28.1360033, 77.31934",HARYANA,15,15,8,96,12,40,200,9,0.05,10,0.65,0,5.05,1,5,72,32,14000,80,18,0,10,10,10,0,10,40,28.1360033,77.31934
55,MH-802788-004,"19.0729771, 73.004046",Maharashtra,100,100,5,7,5,10,21.9,1,1.7,1,0.5,10.5,3.5,0.5,7,1,93,11,3500,1600,10,10,10,10,0,0,40,19.0729771,73.004046
56,MP-802273-003,"22.6741561, 75.833332",Madhya Pradesh,8,8,2,2.5,6,10,14,50,0.05,0.05,1.29,0.1,0.8,6.16,5,5,4,54000,1600,164,10,10,0,10,10,10,50,22.6741561,75.833332
57,CH-800286-002,"30.6930479, 76.7794672",CHANDIGARH,50,50,6,2.4,2,30,14,12,0.05,0.05,0.05,1,1.2,1,5,5,5,330,1.8,4,10,10,10,10,10,10,60,30.6930479,76.7794672
58,DL-900118-019,"28.7264771, 77.1871006",DELHI,318,318,5,4.2,7.7,20,26,20,0,0.05,0.22,0,0.8,2.6,0,5,2,1.8,1.8,15,10,10,10,10,10,10,60,28.7264771,77.1871006
59,DL-900118-028,"28.6569569, 77.0497792",DELHI,90.8,90.8,6,2.8,22,30,18,60,0,0.05,0.32,0,1,4.6,0,5,4,7.8,3500,35,0,0,10,10,10,10,40,28.6569569,77.0497792
60,DL-900118-034,"28.6076192, 77.3223526",Delhi,45.4,45.4,5.4,2.8,23,20,16,110,0,0.05,0.43,0,1.1,3.98,0,5,5,1600,1.8,920,0,0,10,10,10,0,30,28.6076192,77.3223526
61,GJ-802484-001,"22.991875, 72.5680167",Gujarat,60,60,3.56,12.5,9,15.07,48.26,29.41,1.24,0.4,2.35,10.07,5,8.05,21,10,165,1.8,11,900,10,10,0,10,0,0,30,22.991875,72.5680167
62,GJ-802484-003,"22.9882502, 72.5320988",Gujarat,35,35,26.75,24,5,88.86,71.4,1,2.95,0.68,1.11,9.72,5,0.5,24,10,60,2,26,2,10,10,0,10,0,10,40,22.9882502,72.5320988
63,GJ-802484-004,"22.9914304, 72.568135",Gujarat,106,95,24,42.5,18,105.2,117.6,98.04,10.8,0.91,1.9,10.2,5,16.09,8,10,135.5,90,21,220,0,0,0,0,0,10,10,22.9914304,72.568135
64,GJ-802484-007,"22.9374654, 72.6456471",Gujarat,35,35,13.5,18.5,19.5,52.6,60.58,78.43,5.6,0.42,1.31,5.25,5,33.33,11,10,85,6,21,1600,0,0,0,0,0,0,0,22.9374654,72.6456471
65,GJ-802484-013,"22.9794977, 72.5424808",Gujarat,155,155,5.86,27.5,6,25.12,79.8,19.8,1.06,0.61,0.66,6.4,5,2.3,37,10,26,1.8,17,2,10,10,10,10,0,10,50,22.9794977,72.5424808
66,GJ-802484-017,"22.9402787, 72.6385851",Gujarat,70,70,24.5,30,14,91.7,84.33,79.21,7.78,0.7,1.88,38.2,5,11.49,20,10,55,900,13,2,0,0,0,0,0,10,10,22.9402787,72.6385851
67,GJ-802484-018,"22.93693694, 72.64459229",Gujarat,100,100,5.84,18.25,8,25.12,61.6,29.41,2.02,0.42,1.76,9.45,5,6.9,14,10,105,1.8,26,1600,10,10,0,10,0,0,30,22.93693694,72.64459229
68,GJ-802629-009,"21.1833982, 72.8473015",Gujarat,122,110.55,25.5,9.75,4.32,77.8,35.2,16.68,4.55,0.1,0.5,9.43,5,4.32,7.4,10,23,2,17,63,10,10,10,10,0,10,50,21.1833982,72.8473015
69,GJ-802629-020,"21.2070912, 72.860225",Gujarat,211,174.31,17.75,22.5,7.94,55.54,74.26,28.56,5.46,0.52,0.628,6.58,5,6.18,18,10,12,2,14,120,10,10,10,10,10,10,60,21.2070912,72.860225
70,GJ-802629-025,"21.126931, 72.713187",Gujarat,53,24.01,9.75,28.5,8.7,34.56,95.62,25.99,0.18,0.84,1.06,2.52,5,5.06,0,10,11,13,17,40,10,10,10,10,10,10,60,21.126931,72.713187
71,MH-802788-005,"19.0963286, 73.0006319",MAHARASHTRA,87.5,87.5,19,8,5,60.2,23.7,72.73,1.6,1.3,0.8,13.2,3.8,11.49,3,5,138,21,5400,1600,10,0,10,0,0,0,20,19.0963286,73.0006319
72,MP-802100-002,"26.2808218, 78.2107304",Madhya pradesh,8,6,9.21,3.5,4.8,76.8,19,40,1.2,0.05,2.23,6.78,0.7,4.4,14,5,38,430,23,210,10,10,0,10,0,10,40,26.2808218,78.2107304
73,MP-802100-004,"26.24473, 78.2351529",Madhya pradesh,65,40,10.36,3.6,5.52,86.4,23,40,1.98,0.05,1.38,6.14,0.9,3.36,20,5,22,540,1600,280,10,10,0,10,10,0,40,26.24473,78.2351529
74,WB-801695-001,"22.8371018, 88.3897455",West Bengal,10,2.5,2,39,13,5,84,58,1,0.5,0.31,42.44,20,11.76,5,20,19,1,94,10,0,0,10,0,10,10,30,22.8371018,88.3897455
75,WB-886064-001,"22.5748532, 88.4392316",West Bengal,8.3,8.3,14,29,9.6,62,66,28.12,0.05,1.4,0.52,0.1,23,11.34,5,44,27.62,110,16645,10,10,10,10,0,0,10,40,22.5748532,88.4392316
76,TN-803339-008,"13.0647696, 80.1977761",Tamil Nadu,60,52,11,24,4.2,51.1,52,24.2,0.7,0.8,0.41,9.86,40,54,1.2,11,2.4,2,170,280,10,10,10,0,10,0,40,13.0647696,80.1977761
77,TN-803339-009,"13.0638395, 80.1994866",Tamil Nadu,120,65,9,24,15,30.6,68,60,0.62,1.1,0.99,9.01,49,95,9.6,23,5.8,2,220,94,0,0,10,0,10,10,30,13.0638395,80.1994866
78,CH-800286-006,"30.7427933, 76.7084717",CHANDIGARH,22.7,22.7,8,5,1,40,28,3,0.05,0.05,0.05,1,1.3,1,5,5,5,1.8,1.8,4,10,10,10,10,10,10,60,30.7427933,76.7084717
79,MP-802273-005,"22.681214, 75.891655",MADHYA PRADESH,6,6,7,5.5,27.6,40,27,230,0.05,0.05,3.3,1,1.4,7.98,5,5,16,220,1.8,184,0,0,0,10,10,10,30,22.681214,75.891655
80,TS-802918-001,"17.3818768, 78.5212729",TELANGANA,339,339,68,36,33,160,88,108,0.7,0.9,0.8,48,44,21,48,36,12,430,240,225,0,0,10,0,10,10,30,17.3818768,78.5212729
81,TN-803339-002,"13.0682741, 80.2005644",Tamil Nadu,34,31,16.7,36,9,61.3,92,36,0.59,1.1,0.54,7.88,49,74,8.8,23,1.9,1600,240,120,10,10,10,0,10,10,50,13.0682741,80.2005644
82,HR-800414-003,"28.881392, 76.597201",HARYANA,19.5,0,10.06,14,26.8,4,60,169,12,2.95,14.8,0.08,18.9,22.7,46,12,82,900,410,9,0,0,0,0,0,10,10,28.881392,76.597201
83,HR-800365-005,"30.391300, 76.800000",HARYANA,5,5,5,9,2.5,20,40,10,0,1.4,0.25,0,18,1,0,7,5,54000,110,5,10,10,10,10,10,10,60,30.3913,76.8
84,HR-800365-006,"30.3913534, 76.8030736",HARYANA,3.25,3.25,5,10,5,20,45,20,0,1.8,0.89,0,14,1.66,0,8,6,35000,120,7,10,10,10,10,10,10,60,30.3913534,76.8030736
85,HR-800413-001,"28.9723879, 76.3393589",HARYANA,5,0,43,12.5,22.5,135,55,94.2,3.4,3.1,11.2,10.73,15.2,15.5,110,26,40,900,220,7,0,0,0,0,0,10,10,28.9723879,76.3393589
86,HR-800415-001,"28.8289113, 76.4159222",HARYANA,3.5,0,28,16.5,8.26,84,68,31.4,3.6,2.8,3.17,9.32,18.8,6.24,34,12,48,1600,180,11,10,10,0,10,0,10,40,28.8289113,76.4159222
87,HR-800418-001,"28.6695249, 76.9403597",HARYANA,36,0,52,17,8,167,72,35,4.7,3.4,0.92,9.8,22,1.75,79,42,9,500,160,5,10,10,10,10,10,10,60,28.6695249,76.9403597
88,HR-900117-001,"29.4918574, 75.8925125",HARYANA,6.5,6.5,18,12,1,90,50,6,0,2.6,0.05,0,20.2,1,0,10,5,22000,210,4,10,10,10,10,10,10,60,29.4918574,75.8925125
89,TS-802918-004,"17.3727638, 78.4325953",TELANGANA,51,51,50,36,22,120,84,80,0.9,1.5,0.5,19,24,19,8,55,12,350,170,126,0,0,10,0,10,10,30,17.3727638,78.4325953
90,TS-802918-002,"17.3829806, 78.5735567",TELANGANA,172,172,80,24,14,184,68,48,0.56,0.7,0.4,54,32,24,53,40,24,430,170,154,0,10,10,0,0,10,30,17.3829806,78.5735567
91,WB-801692-001,"22.9292758, 88.4177457",West Bengal,16,16,12,52,21,33.28,111,67,1,0.5,0.15,11.32,17,12.88,5,29,21,2.1,29411,10,0,0,10,0,10,10,30,22.9292758,88.4177457
92,WB-801693-001,"22.9494975, 88.4447796",West Bengal,18,18,14,44,19,41.6,93,77,1.044,2.4,0.35,45.27,9.4,12.04,34,24,17,79,49,10,0,0,10,0,10,10,30,22.9494975,88.4447796
93,TN-803339-013,"12.9568343, 80.2357833",TAMIL NADU,54,54,16,30,11,56,76,48,2.5,1.7,0.92,32,30,43,10,22,4.8,220,280,140,10,10,10,0,10,10,50,12.9568343,80.2357833
94,TN-803339-005,"12.90049, 80.23649",Tamil Nadu,18,17.98,4,32,5.4,20,80,19.8,0.05,0.8,0.67,0.1,32,50,5,19,3.3,1.8,350,94,10,10,10,0,10,10,50,12.90049,80.23649
95,MP-802273-006,"22.700939, 75.884802",MADHYA PRADESH,35,20,5,4.8,9.6,23,21,80,0.05,0.05,1.47,1,0.7,5.32,5,5,20,170,9200,240,10,0,0,10,10,10,40,22.700939,75.884802
96,CH-800286-004,"30.6745288, 76.8136798",CHANDIGARH,9.08,9.08,11,2,1,68,12,5,0.05,0.05,0.05,0.1,0.1,1,5,5,5,13,1.8,4,10,10,10,10,10,10,60,30.6745288,76.8136798
97,MH-802788-007,"19.123081, 72.992265",MAHARASHTRA,80,80,24,11,8,74,32.4,29.41,1.8,1,0.5,15.3,3,6.9,8,2,41,33,3500,900,10,10,10,10,0,0,40,19.123081,72.992265
98,MH-802788-003,"19.0517054, 73.0096982",MAHARASHTRA,37.5,0,5,12,5,10,34.1,9.09,1.7,0.9,0.5,14.6,2.8,4.6,4,3,124,1720,5400,22,10,10,10,10,0,10,50,19.0517054,73.0096982
99,GJ-802629-019,"21.2009, 72.7335",Gujarat,37.5,16.24,16.5,16.5,6.14,51.36,56.98,20.62,1.25,0.38,0.728,2.28,5,2.94,10,10,17,9,22,170,10,10,10,10,10,10,60,21.2009,72.7335
100,MP-802109-044,"25.6908325, 78.4734333",Madhya Pradesh,12,5.83,7.2,4.4,3.6,60,19,30,1.496,0.05,2.5,7.52,0.6,7.84,28,5,18,240,4.5,220,10,10,0,10,10,10,50,25.6908325,78.4734333
101,MP-802273-008,"22.7058062, 75.9071748",MADHYA PRADESH,0.5,0.5,8,2.6,24,40,10,200,0.05,0.05,2.11,1,0.1,9.044,5,5,8,1.8,1600,266,0,0,0,10,10,0,20,22.7058062,75.9071748
102,CH-800286-003,"30.6792403, 76.8232009",CHANDIGARH,22.7,22.7,7,3,1,32,17,2,0.05,0.05,0.05,0.1,0.9,1,5,5,5,11,94,3,10,10,10,10,10,10,60,30.6792403,76.8232009
103,GJ-802484-002,"23.0242321, 72.6326721",Gujarat,30,28,26.8,11.43,5,101,39.81,19.61,1.28,2.42,2.38,5.21,3.99,5.75,19,13,65.5,1.8,33,4,10,10,0,10,0,10,40,23.0242321,72.6326721
104,GJ-802484-006,"23.0634755, 72.5975604",Gujarat,25,0,18.4,19.8,8.5,70.7,78.4,29.41,1.18,2.98,2.12,9.44,8.25,9.2,13,7,110.5,1.8,70,110,10,10,0,10,0,10,40,23.0634755,72.5975604
105,HR-800361-002,"30.8298439, 76.9375026",HARYANA,4.5,2.5,3,10,2,10,30,11,0.652,3.3,0.32,1,4.26,5.5,5,14,14,1.8,25,12,10,10,10,10,10,10,60,30.8298439,76.9375026
106,HR-800365-001,"30.3798195, 76.758816",HARYANA,5,0,18.74,15,8,54.54,60,4,14.66,3.1,0.2,58.34,23.8,1,6.89,12,12,342,190,5,10,10,10,10,10,10,60,30.3798195,76.758816
107,HR-800365-002,"30.3799879, 76.7593653",HARYANA,5,0,2,8,9,5,38,4,0.052,2.1,0.15,3.11,18.8,1,20,9,13,280,340,4,10,10,10,10,10,10,60,30.3799879,76.7593653
108,HR-800365-007,"30.3570579, 76.7583597",HARYANA,3.25,3.25,14.3,10,3,68.2,40,12,3,2.3,0.22,58.8,18.2,1,8.56,7,18,85,320,5,10,10,10,10,10,10,60,30.3570579,76.7583597
109,HR-800365-009,"30.3633288, 76.7911761",HARYANA,6,6,7,11.5,10,40,48,45,0,2.3,0.05,0,19.6,1,0,6,7,1700,280,7,10,10,10,10,10,10,60,30.3633288,76.7911761
110,HR-800405-001,"29.16425, 75.6984398",HARYANA,40,35,17.47,14,1.6,60.95,55,6.8,3.88,2.9,0.05,60.01,24.2,1,8.18,8,8,109,345,4,10,10,10,10,10,10,60,29.16425,75.6984398
111,TN-803323-002,"13.1479624, 80.0599535",TAMILNADU,4,2.5,9.66,9.2,9.8,40.7,29.2,40,0.65,0.78,0.55,9.86,48,46,19.2,5.7,2.2,2,220,150,10,10,10,0,10,10,50,13.1479624,80.0599535
112,TN-804026-001,"11.1268009, 77.4147921",TAMILNADU,30,8.5,48,18,8.4,112,58,40.92,4.3,2.6,4.53,40,54,16.9,8,29.8,22,430,150,11,10,10,0,0,10,10,40,11.1268009,77.4147921
113,TN-804026-002,"11.131784, 77.414542",TAMILNADU,36,7,48,6.4,7.6,112,33,36.83,0.61,3.3,3.37,46,40,15.89,12,4.6,14,540,220,2,10,10,0,0,10,10,40,11.131784,77.414542
114,TN-803339-001,"13.1417347, 80.2591926",Tamil Nadu,120,90,2,24,12,11.8,72,44,0.36,0.5,0.61,0,31,51,0,14,2.3,36,170,120,0,10,10,0,10,10,40,13.1417347,80.2591926
115,TN-803339-012,"13.072751, 80.2651123",Tamil Nadu,10,6.5,13,4,14,48,20,52,0.1,1.9,0.73,28,36,45,9,10,4.9,130,70,110,0,10,10,0,10,10,40,13.072751,80.2651123
116,MH-802788-006,"19.12328, 72.992284",MAHARASHTRA,30,0,18,23,22,55.8,68,137.25,1.3,2,1.67,14.2,3.4,21.84,4,6,68.5,2210,9200,2,0,0,0,0,0,10,10,19.12328,72.992284
117,MH-802776-004,"19.9800071, 73.8549547",MAHARASHTRA,21,18.5,17,27,5,56,80,19.61,1,3.2,1.41,5.7,3.8,6.9,6,8,75,1720,2400,17,10,10,0,10,0,10,40,19.9800071,73.8549547
118,MH-802776-003,"19.9810372, 73.8582625",MAHARASHTRA,7.5,7.5,18,24,6,55.2,72,19.61,1.8,1.8,0.5,14.4,3.7,9.2,5,10,110,5420,1700,350,10,10,10,10,0,0,40,19.9810372,73.8582625
119,MH-802788-001,"19.0200507, 73.0478578",MAHARASHTRA,19,19,20,16,13.5,59.9,48,49.02,1.2,1.5,1.26,12.9,2.9,12.64,2,4,89,2210,2400,2,0,10,0,0,0,10,20,19.0200507,73.0478578
120,MH-802814-002,"18.5638947, 73.7965456",MAHARASHTRA,30,30,13,2.8,1,39.6,98,10.24,1.6,2,0.5,16.9,3.3,2,3,24,7,21,3500,110,10,10,10,10,10,10,60,18.5638947,73.7965456
121,TN-803339-018,"12.9568956, 80.2356775",Tamil Nadu,60,59,2,36,12,12.8,80,48,0.45,0.8,0.83,1.8,30,53,11.2,22,5.2,64,340,170,0,10,10,0,10,10,40,12.9568956,80.2356775
122,TN-803339-020,"13.0672805, 80.2342524",TAMIL NADU,1.2,1.2,12,32,23,40,72,91,1.3,1.2,2.1,26,28,92,9,18,12.8,430,170,150,0,0,0,0,10,10,20,13.0672805,80.2342524
123,WB-801695-002,"22.8526031, 88.3962988",West Bengal,31,17,10,32,5.8,29.12,74,48,2.52,2.6,0.52,28.29,3.4,10.92,10,36,22,28,130,10,10,10,10,10,10,10,60,22.8526031,88.3962988
124,WB-801695-004,"22.8510278, 88.3973744",West Bengal,9.5,9.5,8,52,13.6,24.96,111,67.2,1,9.5,0.55,25.46,11,11.48,12,72,24,5,39039,10,0,0,10,0,0,10,20,22.8510278,88.3973744
125,WB-801702-002,"22.7514837, 88.3664989",WEST BENGAL,6,0,6,28,3.84,16.64,65,15.62,1,1.7,0.43,11.32,2.5,10.62,5,28,21.25,1,70,10,10,10,10,10,10,10,60,22.7514837,88.3664989
126,TN-803754-001,"9.87122, 78.1035317",TAMILNADU,125,25,10,13.2,7.2,40,67,28.64,1.6,1.6,1,26,52,14.2,13,5.2,18,430,120,5,10,10,10,0,10,10,50,9.87122,78.1035317
127,TN-803754-002,"9.9029428, 78.1903687",Tamil Nadu,45.7,10,14,23,7,48,113,24.55,1.2,2.3,2.53,19,36,13.65,17,4.4,8,220,210,13,10,10,0,0,10,10,40,9.9029428,78.1903687
128,TN-803323-001,"13.1101823, 80.1049938",Tamil Nadu,36,9,23.3,4,8.8,81.7,20.8,36,0.63,1.3,0.51,9.29,83,44,12.4,8.5,1.4,2,110,140,10,10,10,0,10,10,50,13.1101823,80.1049938
129,TN-803802-001,"9.3517253, 77.9229945",Tamil Nadu,4.63,1.5,102,14.4,14.5,248,71,75.38,1.4,1.5,1,21,59,22,23,10.2,46,540,110,2,0,0,10,0,0,10,20,9.3517253,77.9229945
130,TS-802918-007,"17.3351998, 78.4455308",TELANGANA,10,10,8,12.4,13,40,39,48,1.4,1.2,0.7,31,43,32,26,5.8,5,170,280,108,0,10,10,0,10,10,40,17.3351998,78.4455308
131,TS-802918-014,"17.4663029, 78.5353049",TELANGANA,0.6,0,12,2,9,48,8.7,24,3,3,0.7,30,45,21,9,3.2,6,110,350,54,10,10,10,0,10,10,50,17.4663029,78.5353049
132,TS-802918-012,"17.382342, 78.4140008",TELANGANA,1.2,1.2,40,15.4,20,84,48,72,2.32,2.2,0.6,26,15.1,23,10,1,9,220,280,76,0,0,10,0,10,10,30,17.382342,78.4140008
133,UK-800359-003,"29.8990542, 78.1384899",UTTARAKHAND,68,68,8,15,3.7,40,32,10,0,0.1,0.7,0,9.16,3.6,0,5,2,1.8,18,15,10,10,10,10,10,10,60,29.8990542,78.1384899
134,MH-802776-006,"19.9333936, 73.862673",MAHARASHTRA,22,20.99,5,7,9,10,20.3,29.41,1.5,2.2,1.14,5,2.9,8.05,5,3,63,260,5400,2,10,10,0,10,0,10,40,19.9333936,73.862673
135,MH-802776-010,"20.0325676, 73.7195015",MAHARASHTRA,18,17.66,5,5,5,10,12.2,9.9,1.2,1.6,1.19,4,2.9,0.5,5,1,35,390,16000,2,10,10,0,10,0,10,40,20.0325676,73.7195015
136,MH-802814-009,"18.5389409, 73.9014081",MAHARASHTRA,130,130,7,16,4.01,20.4,48,19.96,1.9,2.8,0.5,12.7,4.6,3.82,2,9,9,17,5400,58,10,10,10,10,10,10,60,18.5389409,73.9014081
137,MH-802814-011,"18.4876711, 73.8287094",MAHARASHTRA,32,32,18,5,8.05,55.8,14.6,32.4,1.9,1.9,0.916,13.3,3.2,5.02,3,3,16,23,3500,130,10,10,10,10,10,10,60,18.4876711,73.8287094
138,GJ-802484-010,"22.9347, 72.5712",Gujarat,5,5,11.5,18.87,12,33.3,69.66,39.6,2.6,0.5,0.87,9.67,4.38,0.5,10.7,12,34,2,1.8,2,0,10,10,10,0,10,40,22.9347,72.5712
139,MP-802312-008,"23.2573116, 77.278408",MADHYA PRADESH,3.5,3,3,4,7.2,14,21,60,0.05,0.05,0.6355,1,0.9,6.16,5,5,8,49,17,170,10,0,10,10,10,10,50,23.2573116,77.278408
140,UP-801005-005,"26.46697835, 80.20612098",UTTAR PRADESH,30,28,7,4.5,2.3,40,23,10,0.05,0.05,0.32,0.1,2.3,8.2,5,5,5,130,1.8,45,10,10,10,10,10,10,60,26.46697835,80.20612098
141,HR-800396-003,"29.6933903, 75.5509995",Haryana,6.5,6.5,8,6.2,45,40,30,190,0,0.05,2.2,0,1.6,4.5,0,5,22,3500,2200,75,0,0,0,10,10,10,30,29.6933903,75.5509995
142,UP-800768-001,"27.8633129, 78.0659042",UTTAR PRADESH,45,40,9,2.5,1.2,50,15,7.5,0,0.05,0.05,0,1.3,1,0,5,10,2200,1.8,7,10,10,10,10,10,10,60,27.8633129,78.0659042
143,UP-801005-002,"26.4185382, 80.4209301",UTTAR PRADESH,27,27,6,5,28,30,26,90,0,0.05,1.6,0,1,21.2,0,5,58,35000,940,80,0,0,0,0,0,10,10,26.4185382,80.4209301
144,MP-802222-003,"23.3261436, 75.0060683",Madhya Pradesh,16,11,9.75,3.5,9.6,33.3,14,80,2.36,0.05,1.84,8.33,0.1,9.57,10,5,4,2,1600,232,10,0,0,10,10,10,40,23.3261436,75.0060683
145,HR-800397-001,"29.6799597, 75.8793562",Haryana,10,10,7,11,5,30,60,18,0,0.05,0.65,0,2.4,8.5,0,5,22,1600,350000,10,10,10,10,10,10,10,60,29.6799597,75.8793562
146,MP-802312-009,"23.2459495, 77.4042143",MADHYA PRADESH,2,1.5,11,3.5,3.6,60,18,30,0.05,0.05,3.37,0.1,0.1,6.72,5,5,8,11000,1600,326,10,10,0,10,10,0,40,23.2459495,77.4042143
147,HR-900513-001,"29.788, 75.8278",Haryana,3,1.8,6,6.2,75,30,48,210,0,0.05,3.2,0,1.2,6.7,0,5,22,1700,22000,95,0,0,0,10,10,10,30,29.788,75.8278
148,MP-802312-007,"23.2020391, 77.4193733",Madhya Pradesh,9.5,5,4,6.2,4.8,20,36,40,0.05,0.05,3.16,0.1,1.8,7.84,5,5,2,220,920,240,10,10,0,10,10,10,50,23.2020391,77.4193733
149,MP-802312-005,"23.1965945, 77.3415303",MADHYA PRADESH,6,5,14.82,18.5,6,130,46,50,0.6182,0.3,2.31,8.1,1.9,7.98,4,10.8,20,220,350,318,10,10,0,10,10,0,40,23.1965945,77.3415303
150,MP-802248-001,"23.00900901, 76.08945393",Madhya Pradesh,12,2.1,17,3.2,10.8,107.136,16,90,2.1,0.05,1.386,20.11,0.1,8.4,56,5,12,24,4.5,286,10,0,0,10,10,0,30,23.00900901,76.08945393
151,MP-802320-003,"22.7797307, 77.6868213",MADHYA PRADESH,2.2,2.2,8.04,3,16.8,60,17,140,5.2686,0.05,4.46,7.84,1.1,4.032,10,5,18,280,1.8,286,0,0,0,10,10,0,20,22.7797307,77.6868213
152,MP-802312-006,"23.1562, 77.4982",MADHYA PRADESH,20.5,18,9,10.6,10.8,50,48,90,0.05,0.05,5.53,0.1,1.8,7.28,5,5,14,1600,1600,352,10,0,0,10,10,0,30,23.1562,77.4982
153,GJ-802629-028,"21.2668238, 72.8280996",Gujarat,22.7,8.53,9.75,28.3,7.56,35.21,118,32.7,0.99,2.58,1.37,1.12,3.4,4.42,10,37,18,26,1.8,1.8,10,10,0,10,10,10,50,21.2668238,72.8280996
154,HR-800365-003,"30.3799355, 76.7519028",HARYANA,3.25,0,15,11,6,62.2,48,25,4.7,2.23,0.16,58.9,16.9,1,7.9,14,10,59,290,22,10,10,10,10,10,10,60,30.3799355,76.7519028
155,HR-800365-004,"30.380045, 76.7510617",HARYANA,3,3,12.3,13,2.8,61.9,58,12,4.01,2.36,0.05,58.2,17.5,1,8.33,12,10,65,345,8,10,10,10,10,10,10,60,30.380045,76.7510617
156,HR-800401-003,"29.490506, 75.0064943",HARYANA,12.5,0,12.75,13,6.7,48.12,62,21.4,3.58,2.32,1,27.03,16.8,3.62,8.45,14,5,235,338,9,10,10,10,10,10,10,60,29.490506,75.0064943
157,HR-800401-004,"29.5301405, 75.0028103",HARYANA,15,0,14.9,14,20.1,63.8,60,78.5,3.6,2.63,7.62,57.9,19.2,9.86,8.69,15,10,146,325,12,0,0,0,10,10,10,30,29.5301405,75.0028103
158,HR-800401-001,"29.5301406, 75.0028096",HARYANA,20,0,15.3,12,22.5,63.2,55,85.5,3.9,2.42,6.92,59.8,17.2,11.8,8.45,12,10,212,322,11,0,0,0,0,10,10,20,29.5301406,75.0028096
159,MH-802787-003,"19.1738378, 73.0285041",MAHARASHTRA,32,24,40,22,5,120.3,64,1,2.5,3,0.5,18.2,3.4,0.5,5,6,41,2210,16000,2,10,10,10,10,0,10,50,19.1738378,73.0285041
160,DL-900118-039,"28.5852814, 77.022726",DELHI,90.8,45.4,7,6,24,40,38,60,0,0.05,0.3,0,0.8,2.8,0,5,3,22000,540,35,0,0,10,10,10,10,40,28.5852814,77.022726
161,RJ-900596-001,"25.210432, 75.932659",RAJASTHAN,15,14,3,12,18.6,10,50,48,0.05,2.6,0.06,1,20.6,2.74,5,10,8.2,130,335,9,0,10,10,10,10,10,50,25.210432,75.932659
162,HR-800403-001,"29.45729, 74.6768467",HARYANA,7.5,0,19.12,12,12.5,59.3,56,40.2,4.1,2.3,4.92,60.25,18.6,12.8,6.28,11,5,210,346,11,0,10,0,0,10,10,30,29.45729,74.6768467
163,HR-800402-001,"29.5193,74.8219",HARYANA,6,0,17.12,10,27.9,61.3,42,134,4.2,2.3,8.27,54.2,16.6,16.5,6.9,9,16,183,335,6,0,0,0,0,10,10,20,29.5193,74.8219
164,RJ-800587-001,"25.4103629, 75.6555387",RAJASTHAN,8,6,5,9,6.2,20,40,14.2,0.05,2.5,0.08,1,18.5,0.04,5,12,5,28000,342,7,10,10,10,10,10,10,60,25.4103629,75.6555387
165,HR-800405-003,"29.0917733, 75.6742511",HARYANA,15,13,15.12,12,65,62.5,52,210,4.6,2.11,3.69,58.2,19.5,10.2,7.5,10,65,145,315,95,0,0,0,10,0,10,20,29.0917733,75.6742511
166,HR-800404-001,"29.3467337, 75.8771778",HARYANA,6,0,12.12,9,1,45.5,42,8,5.2,2.16,0.05,54.2,15.5,1,7.5,8,5,210,310,6,10,10,10,10,10,10,60,29.3467337,75.8771778
167,TN-803760-002,"10.01801802, 77.35967569",TAMIL NADU,12.08,5,60,17.8,7.8,140,57,40.6,1.8,1.1,1,22,94,8.4,10,41.5,7,110,220,12,10,10,10,10,10,10,60,10.01801802,77.35967569
168,HR-800400-001,"29.8349417, 74.9920633",HARYANA,9.5,3.94,50,159,25.5,240,344,204,0,10,8.94,0,42.6,14.7,6.2,43,48,350000,90,7,0,0,0,0,0,10,10,29.8349417,74.9920633
169,UK-800359-005,"29.8954773, 78.0891957",UTTARAKHAND,14,14,8,47,14,40,104,40,0,3.3,0.3,0,23.9,2.6,0,22,3,5400,50,25,0,10,10,10,10,10,50,29.8954773,78.0891957
170,PB-800196-005,"30.936385, 75.781728",Punjab,152,152,9,2,56,50,8,172.8,0.05,0.7,4.8,0.1,13.1,34.54,5,21,68,54000,542,47,0,0,0,0,0,10,10,30.936385,75.781728
171,PB-800196-006,"30.924482, 75.9138353",Punjab,225,225,9,6.6,16,50,19.2,48,0,0.6,0.8,0,12.9,18.74,0,15,2,1698,8,14,0,10,10,0,10,10,40,30.924482,75.9138353
172,PB-800196-007,"30.9241274, 75.7900165",Punjab,60,60,9,5,20,50,10,76.8,0,0.6,1.2,0,20.15,11.96,0,11,6,1.8,426,1.8,0,0,0,0,10,10,20,30.9241274,75.7900165
173,PB-800196-002,"30.9646493, 75.8327967",Punjab,50,0,5,15,28,30,38.4,105.6,0.05,1.7,2.6,0.1,20.1,29.53,5,17,28,1.8,542,21,0,0,0,0,0,10,10,30.9646493,75.8327967
174,PB-800196-004,"30.9357902, 75.7826992",Punjab,105,105,10,3,18,50,6,57.6,0,3,0.5,0,13.4,20.62,0,74,4,920,542,2,0,0,10,0,10,10,30,30.9357902,75.7826992
175,WB-801689-001,"22.9734606, 88.421152",West Bengal,11,11,18,9.6,11.5,54.08,23,38.4,2.179,2.4,0.47,25.46,8.7,10.08,14,42,14,161,49,10,0,10,10,10,10,10,50,22.9734606,88.421152
176,WB-801690-001,"22.9596463, 88.4938107",West Bengal,8.33,0,20,35,19.2,62.4,82,76.8,1,1.6,0.5,50.93,16,10.36,10,18,22,5,46808,10,0,0,10,10,10,10,40,22.9596463,88.4938107
177,WB-801702-001,"22.759413, 88.3864704",West Bengal,18,9,7,11,5.76,20.8,27,17.75,1.12,1.4,0.26,31.12,9.5,9.23,18,30,19.26,1,110,10,10,10,10,10,10,10,60,22.759413,88.3864704
178,MH-802776-005,"19.985998, 73.857750",MAHARASHTRA,32,28.22,5,29,6.5,10,105,29.41,1,2.8,2.01,2.9,4.9,8.05,3,22,139,2,16000,170,10,10,0,10,0,10,40,19.985998,73.85775
179,MH-802814-004,"18.5338995, 73.9335161",MAHARASHTRA,45,45,5,13,3,10,38,6,1.2,1.4,1.06,7.6,2.7,4.8,3,1.2,3,1090,2800,2,10,10,10,10,10,10,60,18.5338995,73.9335161
180,MH-802776-007,"19.9472932, 73.8645106",MAHARASHTRA,20,19.69,5,12,13.5,10,36.4,39.22,1.8,1.2,1.05,3.7,2.5,12.64,2,1.2,65,260,2800,2,0,10,10,0,0,10,30,19.9472932,73.8645106
181,MH-802787-008,"19.2102, 73.0119",MAHARASHTRA,46.76,8,7,20,5,21.3,58.2,1,1.1,2.5,0.5,2.7,4.1,0.5,4,10,39,1720,16000,2,10,10,10,10,0,10,50,19.2102,73.0119
182,GJ-802484-011,"22.973642, 72.5490456",Gujarat,180,180,7.2,20.5,11.5,30.14,76.24,39.22,1.84,0.49,0.5,13.3,5,11.49,6,10,157,1.8,17,9,0,10,10,0,0,10,30,22.973642,72.5490456
183,MP-802312-003,"23.2191014, 77.4155095",MADHYA PRADESH,4.5,4.5,2,4.4,3.6,12,19,30,0.05,0.05,0.623,1,0.8,4.48,5,5,4,49,540,150,10,10,10,10,10,10,60,23.2191014,77.4155095
184,UP-800749-001,"28.3927715, 77.8594105",UTTAR PRADESH,40,16,4,4.5,11.5,23,25,48,0.05,0.05,3.2,0.1,1.7,2.9,5,5,9,35000,23,17,0,10,0,10,10,10,40,28.3927715,77.8594105
185,UP-801005-004,"26.3649824, 80.3906762",UTTAR PRADESH,42,23,7,5.8,14,10,24,40,0.05,0.05,1.1,0.1,1.8,11.6,5,5,8,1.8,11,30,0,10,10,0,10,10,40,26.3649824,80.3906762
186,GJ-802629-024,"21.095178, 72.802416",Gujarat,55,30.05,28.5,18.62,6.04,90.72,60.24,21.6,0,0.48,0.901,1.4,5,3.18,0,10,9,14,34,70,10,10,10,10,10,10,60,21.095178,72.802416
187,GJ-802629-016,"21.1471068, 72.863108",Gujarat,167,60.49,2.75,14.5,4.16,8.56,52.08,19.45,1.05,0.4,1.17,3.77,5,3.82,10,10,13,7,33,79,10,10,0,10,10,10,50,21.1471068,72.863108
188,GJ-802629-031,"21.2711374, 72.9805651",GUJARAT,50.09,18.43,21.5,22.5,3.56,81.32,68.98,14.84,3.17,0.56,0.946,1.47,5,3.18,10,10,12,14,22,140,10,10,10,10,10,10,60,21.2711374,72.9805651
189,MP-802222-002,"23.311988, 75.0384",Madhya Pradesh,21.5,13,7.7,2.2,14.4,36.68,8,130,2.3,0.05,2.02,5.25,0.1,9.044,16,5,14,6,1.8,198,0,0,0,10,10,10,30,23.311988,75.0384
190,UK-800303-001,"30.1078299, 78.3082461",UTTARAKHAND,7.5,7.5,9,15,3.8,50,32,10,0.05,3.3,1.1,0.1,24.5,5.8,5,39,10,12000,65,30,10,10,10,10,10,10,60,30.1078299,78.3082461
191,HR-800399-002,"29.9387114, 74.6846476",HARYANA,16.5,16.5,24,3.8,19.3,120,22,75.5,0,0.05,9.86,0,1.6,16.3,0,5,20,22000,1600,7,0,0,0,0,10,10,20,29.9387114,74.6846476
192,JK-800071-005,"32.7243, 74.8299",JAMMU AND KASHMIR,30,20,7,5.2,22,10,22,60,0.05,0.05,0.4,0.1,1.6,2.1,5,5,10,70000,5400,25,0,0,10,10,10,10,40,32.7243,74.8299
193,GJ-802629-034,"21.273490, 72.979839",Gujarat,0.76,0.27,78,1,1,276,10.3,9.72,1.2,6.42,0.708,3.4,7.6,3.21,13,7,16,1.8,1.8,23,10,10,10,10,10,10,60,21.27349,72.979839
194,GJ-802501-007,"22.260244, 70.820113",Gujarat,15,0,23.2,19.74,9.5,95.72,82.46,27.27,0.5,2.84,0.72,4.16,2.96,12.64,4,49,121.5,1.8,49,4,10,10,10,0,0,10,40,22.260244,70.820113
195,JH-801772-001,"25.2398868, 87.6564175",JHARKHAND,5,2.5,17,3.6,8,88.6,9,58,5.4,0.05,0.31,12.9,2.4,10.08,9,2.5,11,130,110,10,10,0,10,10,10,10,50,25.2398868,87.6564175
196,JH-801773-003,"25.0425906, 87.8434937",JHARKHAND,3.5,1.4,14.15,4,6,51.07,10,67,2.14,0.05,0.83,29.85,4.3,13.72,12.07,2.5,18,388.75,120,10,10,0,10,0,10,10,40,25.0425906,87.8434937
197,JH-801772-002,"25.241654, 87.614150",JHARKHAND,7,5.5,17,3.2,12,91.5,8,86,5.7,0.05,0.3,10.3,2.1,11.2,8,2.5,13,280,94,10,0,0,10,0,10,10,30,25.241654,87.61415
198,KA-803083-001,"15.3066627, 75.146694",Karnataka,40,0,62,18,6.56,132,68,24,2.4,1.6,0.68,48,32,0.57,33,20,10,280,94,63,10,10,10,10,10,10,60,15.3066627,75.146694
199,TS-802930-003,"17.9874878, 79.5395029",TELANGANA,15,0,47,12,10,116,40,40,2.29,0.9,6.5,18,16,26,15,10,2,350,210,2,10,10,0,0,10,10,40,17.9874878,79.5395029
200,UK-800303-002,"30.1245811, 78.2756388",Uttarakhand,5,5,6,11,12,40,24,30,0.05,0.1,1.5,1,2.1,6.2,5,3,6,35000,20,45,0,10,0,10,10,10,40,30.1245811,78.2756388
201,TS-802918-017,"17.415395, 78.3594623",Telangana,4.5,4.5,54,2,14,124,4,44,0.3,1.2,0.9,16,36,19,8,6.1,18,430,140,187,0,10,10,0,10,10,40,17.415395,78.3594623
202,TS-802918-010,"17.434657, 78.548079",Telangana,2.5,0,38,4.2,13,88,16,48,0.42,1,0.6,26,34,26,7,2,8,110,220,56,0,10,10,0,10,10,40,17.434657,78.548079
203,TN-803777-001,"9.850048, 77.384937",TAMILNADU,3.99,3.72,116,29,19.5,268,135,136.14,4.7,1.6,1,38,73,26.3,63,65.7,19,350,110,2,0,0,10,0,10,10,30,9.850048,77.384937
204,TS-802918-013,"17.3154875, 78.4256319",TELANGANA,4,0,52,34,9,120,110,36,0.48,0.7,0.6,19,23,14,5,55,4,170,210,38,10,10,10,0,10,10,50,17.3154875,78.4256319
205,TS-802918-011,"17.3534619, 78.5303334",TELANGANA,2.5,2.5,96,16,9,224,64,28,0.9,0.9,0.7,32,37,18,8,18,9,430,110,64,10,10,10,0,10,10,50,17.3534619,78.5303334
206,TN-803769-001,"10, 77.50175005",TAMILNADU,12.05,8.2,28,16.4,16.3,68,53,146.16,3.3,0.55,1,36,48,12.4,50,3.8,16,210,220,2,0,0,10,0,10,10,30,10,77.50175005
207,TN-803767-001,"10.1151708, 77.5610463",TAMILNADU,5.47,2.4,75,27,7,172,131,24.02,3.5,3.6,1,20,77,6.9,25,42.6,5,110,170,4,10,10,10,10,10,10,60,10.1151708,77.5610463
208,TS-802930-005,"17.955875, 79.5803682",TELANGANA,5,0,55,21,15,128,65,50,0.79,0.5,4,16,21,18.4,26,12,1,430,140,2,0,10,0,0,10,10,30,17.955875,79.5803682
209,TS-802930-001,"17.9891812, 79.5926546",TELANGANA,0.75,0.37,32,18,4,72,68,10,0.13,0.6,2.5,20,25,15.2,23,15,1,540,170,2,10,10,0,0,10,10,40,17.9891812,79.5926546
210,KA-803159-002,"13.2711595, 76.5081755",Karnataka,6,6,38,17.5,5.2,104,64.58,20.08,2,3.31,0.5,88,12.66,1,35,42,14,70,2,5,10,10,10,10,10,10,60,13.2711595,76.5081755
211,KA-803169-003,"12.5848081, 77.0356771",Karnataka,0.5,0.5,25,25,7.8,68,92.83,37.69,3,1.66,2.12,77,15.24,14.54,19,15,15,2,2,2,10,10,0,0,10,10,40,12.5848081,77.0356771
212,RJ-800522-001,"26.9424707, 75.8352619",RAJASTHAN,8,8,5,4,1,22,40,5,0.05,1,0.05,1,1.4,1,5,5.2,8,130,140,5,10,10,10,10,10,10,60,26.9424707,75.8352619
213,RJ-900596-002,"25.2223579, 75.85594",RAJASTHAN,15,5.6,5,4,2,30,30,4.03,0.05,1,0.08,1,1,0.21,5,2,5,240,210,9,10,10,10,10,10,10,60,25.2223579,75.85594
214,RJ-800522-002,"26.9520121, 75.8902474",RAJASTHAN,50,50,4,6,1.5,24,90,6.5,0.05,1,0.05,1,1,1,5,5,6,92000,26,7,10,10,10,10,10,10,60,26.9520121,75.8902474
215,RJ-900596-005,"25.2026334, 75.8586605",RAJASTHAN,6,0,12,4,8.8,60,30,16.1,0.05,1,0.06,1,1,0.12,5,2,5,2200,70,7,10,10,10,10,10,10,60,25.2026334,75.8586605
216,PB-800213-001,"30.3855628, 74.0176662",PUNJAB,13,0,37,3.7,4,260,8,19.2,2.6,1.2,0.9,16.8,18.2,12.06,115.4,17,2,540,542,2,10,10,10,0,10,10,50,30.3855628,74.0176662
217,PB-800191-002,"30.7080213, 76.1850484",PUNJAB,29,29,4,3.2,36,20,6,115.2,0.05,0.6,3.6,1,13.5,22.7,5,6,18,958.2,542,24,0,0,0,0,10,10,20,30.7080213,76.1850484
218,WB-801681-001,"23.3961499, 88.3695018",West Bengal,9.5,6.06,16,76,21.1,45.76,173,96,1.61,1.7,0.52,39.61,12,13.16,12,32,21,1,22,10,0,0,10,0,10,10,30,23.3961499,88.3695018
219,GJ-802629-027,"21.231198, 72.917435",Gujarat,43.24,34.34,9.5,10.5,9.54,29.96,47.08,38.3,0.52,0.71,1.29,1.96,5,4.06,10,10,21,14,14,21,10,10,0,10,10,10,50,21.231198,72.917435
220,GJ-802629-023,"21.2572545, 72.8437957",Gujarat,220,150.71,8.75,7.75,4.86,39.43,34.24,23.92,0.74,0.48,1.08,2.01,5,3.31,10,10,8,50,13,43,10,10,10,10,10,10,60,21.2572545,72.8437957
221,MH-802814-008,"18.5727797, 73.8342753",MAHARASHTRA,18,18,5,30,7.2,10,98.7,28.54,1.4,1.3,0.825,9,3.3,4.72,2,4,12,1000,170,170,10,10,10,10,10,10,60,18.5727797,73.8342753
222,MH-802787-10,"19.2564149, 72.9879459",MAHARASHTRA,59,19,8,20,8,22.9,60,29.41,1.3,1.2,0.5,3.2,3.1,3.45,3,4,70,1410,16000,1600,10,10,10,10,0,0,40,19.2564149,72.9879459
223,MH-802765-003,"19.8859559, 75.293084",MAHARASHTRA,10,2,13,7,12.5,41.8,20.4,40,1.6,1,11.02,4.6,2.8,5.14,3,1,10,110,460,21,0,10,0,10,10,10,40,19.8859559,75.293084
224,MH-802653-001,"21.033, 75.5645",MAHARASHTRA,48,11,5,21,8.1,10,62,24,1,1.1,8.96,2.9,3.1,1,1,5,69,1200,540,1.8,10,10,0,10,0,10,40,21.033,75.5645
225,MH-802814-003,"18.5470402, 73.9500726",MAHARASHTRA,40,40,5,8,9.61,11,24.4,36.28,1.2,1.2,0.782,9.6,2.6,2,3,1,21,1720,16000,220,10,10,10,10,10,10,60,18.5470402,73.9500726
226,KA-803083-006,"15.358376, 75.101892",Karnataka,1,0,45,24,7.65,96,44,28,2.1,1.8,1.01,28,16,1.7,20,26,10,210,94,49,10,10,10,10,10,10,60,15.358376,75.101892
227,UK-800315-004,"30.2263555555555, 78.7833861111111",Uttarakhand,0.05,0.02,6,2.4,7.2,50,15,20,0.05,0.05,0.2,1,1.1,1.6,5,5,2,1.8,1.8,20,10,10,10,10,10,10,60,30.22635556,78.78338611
228,UK-800315-003,"30.2253,78.8136",Uttarakhand,0.075,0.075,5,2.4,28,60,14,90,0.05,0.05,0.3,1,1,1.8,5,5,18,1.8,1.8,25,0,0,10,10,10,10,40,30.2253,78.8136
229,RJ-900600-007,"26.8522366, 75.7842038",RAJASTHAN,15,12,4,8.2,1.5,18,40,12,0.05,1.6,0.05,1,2.9,1,5,9,6,54000,170,4,10,10,10,10,10,10,60,26.8522366,75.7842038
230,RJ-900600-008,"26.772909, 75.908035",RAJASTHAN,10,6,5,7,3.5,20,40,18,0.05,2.6,0.05,0.1,3,1,5,5,8,1600,140,5,10,10,10,10,10,10,60,26.772909,75.908035
231,RJ-900600-001,"26.794384, 75.8411633",RAJASTHAN,62.5,62.5,4,6,2.5,22,60,16,0.05,1.6,0.05,1,1.9,1,5,2,6,1100,110,4,10,10,10,10,10,10,60,26.794384,75.8411633
232,RJ-900600-003,"26.7943825, 75.8411407",RAJASTHAN,90,90,4,9,4,20,120,17,0.05,2.1,0.45,1,2.6,8.7,5,2,20,3500,93,12,10,10,10,10,10,10,60,26.7943825,75.8411407
233,UK-800315-001,"30.2266502, 78.783702",Uttarakhand,3.5,2.5,4,3.4,29,40,19,100,0.05,0.05,0.5,1,1.5,1.4,5,5,3,1.8,1.8,30,0,0,10,10,10,10,40,30.2266502,78.783702
234,KA-803042-001,"16.4837228, 75.1098403",Karnataka,9.2,9.2,12,14.5,11,36,48.43,31.7,1,1,0.7,3,15.54,2.38,11,10,10,40,2,47,10,10,10,10,10,10,60,16.4837228,75.1098403
235,KA-803224-001,"12.965359, 78.2902529",Karnataka,5,0,45,6.8,2,160,36.32,6.9,5,1.24,0.5,3,42.76,2.12,60,8,16,350,2,2,10,10,10,10,10,10,60,12.965359,78.2902529
236,JK-800071-003,"32.807584, 74.905582",Jammu And Kashmir,4,1,8,5.2,14,50,32,40,0.05,0.05,1.6,0.1,1.9,10.5,5,5,12,1.8,1.8,35,0,10,0,10,10,10,40,32.807584,74.905582
237,UK-800335-001,"29.1934745, 79.5372676",Uttarakhand,28,28,6,14,3.8,38,40,10,0.05,0.1,1.2,1,2.3,6.1,5,3,18,1.8,10,25,10,10,0,10,10,10,50,29.1934745,79.5372676
238,TS-802918-008,"17.339312, 78.4291336",Telangana,5,5,58,15.4,22,140,48,76,1.6,0.1,0.7,36,65,18,8,15.2,9,430,140,84,0,0,10,0,10,10,30,17.339312,78.4291336
239,TN-803984-001,"10.9832679, 76.972701",Tamil Nadu,70,30,8,6.2,13.5,48,28,73.08,0.42,1.1,1,2.98,59,16,10,6.8,12,6.1,220,4,0,0,10,0,10,10,30,10.9832679,76.972701
240,TN-803463-001,"11.6529132, 78.170872",Tamil Nadu,13,12,76,12.8,8.6,164,40,45,1.6,1.5,0.96,28,62,45,29,5.8,5.1,210,170,110,10,10,10,0,10,10,50,11.6529132,78.170872
241,PB-800236-001,"29.9808883, 75.3836632",Punjab,14,12.5,46,190,24,220,633.6,86.4,0.05,1,2.6,1,34.78,27.13,5,198,4,5400000,542,1.8,0,0,0,0,10,10,20,29.9808883,75.3836632
242,PB-800263-001,"30.752058, 76.6280508",Punjab,11,11,8,22,1,40,70.4,5,0,2.2,0.05,0,21.1,1,0,7,5,35000,10,8,10,10,10,10,10,10,60,30.752058,76.6280508
243,TN-803339-011,"13.0342495, 80.1950037",Tamil Nadu,50,34.78,2,16,11,10.2,88,43,0.63,1.8,0.59,9.01,28,55,1.6,32,2.1,2,110,94,10,10,10,0,10,10,50,13.0342495,80.1950037
244,MH-802787-002,"19.1779039, 72.9730402",MAHARASHTRA,120,68,5,9,5,10.2,28.4,18.18,1.8,1,1.13,4,3.2,6.9,1,4,139,490,3500,4,10,10,0,10,0,10,40,19.1779039,72.9730402
245,MH-802814-007,"18.5374842, 73.8530138",MAHARASHTRA,21,17,6,10,6,18,30,17,1.2,1.2,1.38,4,2.7,5.5,3,4,3,175,9200,2,10,10,0,10,10,10,50,18.5374842,73.8530138
246,UP-800730-001,"28.8462232, 77.5741774",UTTAR PRADESH,20,0,9,3.8,8,50,24,20,0,0.05,0.96,0,1.2,4.26,0,5,13,35000,1400,20,10,10,10,10,10,10,60,28.8462232,77.5741774
247,UP-800755-001,"28.350049, 78.2705843",UTTAR PRADESH,1.76,1.76,12,2.8,1.5,60,18,9.5,0.05,0.05,0.62,1,1.4,1,5,5,5,1.8,1.8,4,10,10,10,10,10,10,60,28.350049,78.2705843
248,BR-801336-001,"25.69369369, 85.17883569",BIHAR,3.5,1.5,9.2,17,5.8,22,37,15.2,0.46,0.3,0.57,1.75,9.4,2.8,10,42,6,280,900,5,10,10,10,10,10,10,60,25.69369369,85.17883569
249,MP-802312-002,"23.2621569, 77.380593",MADHYA PRADESH,5,4.5,3,2.8,7.4,15,17,60,0.05,0.05,0.99,1,0.1,3.92,5,5,12,130,1600,324,10,0,10,10,10,0,40,23.2621569,77.380593
250,UP-800755-002,"28.3687868, 78.2615031",UTTAR PRADESH,0.81,0.81,5,6.5,3.5,20,37,15,0.05,0.05,0.26,1,2.4,1,5,5,14,1.8,1.8,4,10,10,10,10,10,10,60,28.3687868,78.2615031
251,UP-801005-015,"26.416252, 80.421294",UTTAR PRADESH,130,115,6,7,16,30,44,45,0.05,0.05,0.9,1,2.6,12.2,5,5,22,28000,1300,40,0,10,10,0,10,10,40,26.416252,80.421294
252,MP-802439-001,"21.28232, 76.216485",Madhya Pradesh,21,7.5,20,3.2,3.6,63.488,20,30,4,0.05,0.2438,60.15,0.1,8.96,8,5,28,50,790,120,10,10,10,10,0,10,50,21.28232,76.216485
253,TS-802918-003,"17.4004849, 78.5770826",TELANGANA,30,30,54,18,16,128,56,56,0.8,1.6,0.8,18,27,28,11,26,11,120,140,125,0,0,10,0,10,10,30,17.4004849,78.5770826
254,MP-802320-001,"22.7900126, 77.6763394",MADHYA PRADESH,1.08,0,7,5.2,12,40,23,100,0.05,0.05,4.96,1,1.7,6.55,5,5,26,17000,540,286,0,0,0,10,0,0,10,22.7900126,77.6763394
255,UK-800307-004,"30.4513762, 78.0906275",Uttarakhand,1.3,1.3,12,18,12,66,48,30,0.05,0.45,0.3,1,1.2,2.2,13,12,2,1.8,20,20,0,10,10,10,10,10,50,30.4513762,78.0906275
256,TN-803984-003,"10.9872281, 77.0012242",Tamil Nadu,40,19,25,2,4.5,56,8,20.02,2.1,0.71,1,50,35,7.1,10,1.8,8,170,150,2,10,10,10,10,10,10,60,10.9872281,77.0012242
257,TN-803984-002,"10.9866529, 77.0526685",Tamil Nadu,60,6,7,2,7.9,50,4,48.7,0.05,0.75,1,1,37,7.4,5,3.2,5,1.8,120,2,10,10,10,10,10,10,60,10.9866529,77.0526685
258,TN-803463-003,"11.6679848, 78.1274705",Tamil Nadu,45,31,70,9,17,156,28,68,2.4,0.85,1.7,41,40,86,155,7.1,9.8,240,220,120,0,0,0,0,10,10,20,11.6679848,78.1274705
259,KA-803181-002,"12.8522579, 74.880871",Karnataka,20,20,11,8.6,14.5,17,28,56.06,1.1,1.2,1,22.5,43,7.8,17,6.2,27,350,130,2,0,0,10,10,0,10,30,12.8522579,74.880871
260,KA-803181-001,"12.914282, 74.8549149",Karnataka,43.5,43.5,18,10.4,15,22,36,68.07,2.3,0.99,1,41.1,45,12.5,22,5.2,24,23,170,2,0,0,10,0,0,10,20,12.914282,74.8549149
261,TS-802918-023,"17.47576, 78.4134182",Telangana,5,5,44,23,34,100,80,104,3.1,0.6,0.7,20,36,23,22,75,9,350,240,108,0,0,10,0,10,10,30,17.47576,78.4134182
262,GJ-802529-003,"21.4822529, 70.401721",Gujarat,15.5,7,4.25,10.2,5,21.6,68,9.09,0.45,1.91,1.65,1.41,6.2,3.45,10,5,136,70,63,17,10,10,0,10,0,10,40,21.4822529,70.401721
263,GJ-802629-033,"21.292524, 73.014331",Gujarat,0.52,0.32,22.6,12.4,1,90.4,80,12.48,0.883,0.889,0.802,3.1,5.1,3.96,5,7,8,1.8,49,63,10,10,10,10,10,10,60,21.292524,73.014331
264,GJ-802529-002,"21.5201502, 70.4199459",Gujarat,11,6,4.5,1,12.5,21.6,6.2,45.45,0.56,2.41,1.3,2.86,3.6,35.63,10,4,105,60,17,14,0,10,0,0,0,10,20,21.5201502,70.4199459
265,GJ-802529-001,"21.4887933, 70.4616005",Gujarat,8.2,0,15.4,8.4,5.5,63.81,46.38,18.18,0.5,9.49,0.5,3.46,2.1,8.05,6,43,95.5,1.8,70,2,10,10,10,10,0,10,50,21.4887933,70.4616005
266,GJ-802629-030,"21.2894455, 72.9427181",Gujarat,16,6.3,9,2.6,12.06,34.24,10.3,52.78,0.21,1.94,1.48,1.96,6.3,6.05,10,9,34,26,110,220,0,10,0,10,0,10,30,21.2894455,72.9427181
267,MH-802811-016,"18.6814974, 73.8171251",Maharashtra,3,3,12,5,5,26.8,50,18,1.21,4.57,1,9.5,13.2,5.1,3.2,5,49,22,33,2,10,10,10,10,0,10,50,18.6814974,73.8171251
268,MH-802811-012,"18.5746508, 73.8241256",Maharashtra,10,10,7.6,5,3,16.9,23,3,8.9,2.25,1,4.41,11.1,4.8,3.6,5,3,34,49,2,10,10,10,10,10,10,60,18.5746508,73.8241256
269,MH-802811-015,"18.621149, 73.8621262",Maharashtra,7,7,8,5,6,18.9,20,26,2.3,8.8,1,7.5,44.3,5.4,10.3,5,3,1600,40,2,10,10,10,10,10,10,60,18.621149,73.8621262
270,MH-802811-010,"18.650387, 73.9284314",Maharashtra,21,21,6.8,9.5,3,15.1,45.7,9,19.8,0.5,1,6.12,35.73,5.4,11,5,382,34,220,2,10,10,10,10,0,10,50,18.650387,73.9284314
271,MH-802811-009,"18.607728, 73.8198743",Maharashtra,40,40,5.6,5,3,10.9,20,6,1.9,0.5,1,8.8,8.62,4.3,3,5,10,4,210,2,10,10,10,10,10,10,60,18.607728,73.8198743
272,MH-802811-014,"18.5668184, 73.7917264",Maharashtra,20,20,5.8,6.2,3,12.9,25.3,5,3.2,4.41,1,8.1,39.5,6.9,10.3,5,3,33,110,2,10,10,10,10,10,10,60,18.5668184,73.7917264
273,MH-802811-013,"18.5775748, 73.8265351",Maharashtra,20,20,4.6,10.3,3,9.9,48,6,2.5,0.61,1,7.13,17.9,8.5,3,5,3,4,140,2,10,10,10,10,10,10,60,18.5775748,73.8265351
274,MH-802811-011,"18.6505943, 73.9289436",Maharashtra,20,20,30.4,8.3,3,67.5,38.1,9,6.5,0.55,1,8.1,16.3,5.9,11,5,39,2,540,2,10,10,10,10,0,10,50,18.6505943,73.9289436
275,MH-802811-001,"18.6079127, 73.8196809",Maharashtra,40,40,3.8,10.3,3,8,57.2,3,1,0.5,1.18,7.76,93.1,3.9,11,5,3,1600,430,2,10,10,0,10,10,10,50,18.6079127,73.8196809
276,MH-802811-008,"18.6089579, 73.8192631",Maharashtra,40,40,4.5,11.3,3,10.1,57.2,4,6.1,7,1,7.56,47.4,4.2,10.6,5,3,17,350,2,10,10,10,10,10,10,60,18.6089579,73.8192631
277,MH-802811-004,"18.6442286, 73.7816016",Maharashtra,30,30,5.1,5,6.8,11.5,28.7,24,1,1.58,0.545,7.13,38.5,1.71,13,5,5,350,1600,7.8,10,10,10,10,10,10,60,18.6442286,73.7816016
278,MH-802811-007,"18.6304266, 73.7924257",Maharashtra,30,30,7.2,5,1,16.1,43.2,5,1,0.56,0.5,7.8,2.56,3.61,22,5,17,280,540,94,10,10,10,10,10,10,60,18.6304266,73.7924257
279,MH-802811-003,"18.6654596, 73.803859",Maharashtra,16,16,3,5,3,8.9,31.4,7,4.54,1.8,1.74,8.1,5.8,5.2,3,5,3,1600,920,2,10,10,0,10,10,10,50,18.6654596,73.803859
280,MH-802811-002,"18.664711, 73.803569",Maharashtra,16,16,7.7,5,4,17.1,34.4,12,1.56,3.68,1.2,7.54,457,8.5,9.2,5,3,350,920,2,10,10,0,10,10,10,50,18.664711,73.803569
281,MH-802811-017,"18.6183256, 73.7851339",Maharashtra,4,4,19,13.8,3,42.3,86.5,10,1.48,7.89,1.5,6.58,715.7,3.2,14.3,5,7,1600,540,2,10,10,0,10,10,10,50,18.6183256,73.7851339
282,MH-802811-019,"18.6253357, 73.8505772",Maharashtra,5,5,8.2,9.1,7.5,18.14,63,28,1.18,7.2,0.774,7.28,942.8,8.05,16,5,6,33,350,6.8,10,10,10,10,10,10,60,18.6253357,73.8505772
283,RJ-800592-002,"25.3605563, 74.665946",RAJASTHAN,10,5.95,14.5,4,14.4,63.1,30,48.3,4.6,0.69,0.1,57.2,0.1,6.26,8.01,2,5,187,24,7,0,10,10,10,10,10,50,25.3605563,74.665946
284,RJ-800609-002,"25.1419,75.8484",RAJASTHAN,2,2,4,4,9.84,20,30,24.2,0.05,0.53,0.06,1,0.1,0.94,5,4,5,35000,11,7,10,10,10,10,10,10,60,25.1419,75.8484
285,RJ-900600-004,"26.8277231, 75.7867974",RAJASTHAN,100,100,3,4,1,18,20,5,0.05,0.1,0.05,1,0.1,1,5,2,5,2400,120,6,10,10,10,10,10,10,60,26.8277231,75.7867974
286,RJ-800526-002,"27.8168143, 75.0220842",RAJASTHAN,1,1,7,4,26,40,20,80,0.05,0.63,0.6,1,0.1,6.8,5,2,4,35000,7.8,45,0,0,10,10,10,10,40,27.8168143,75.0220842
287,RJ-900596-004,"25.20720721, 75.87385092",RAJASTHAN,30,30,7,4,6.2,30,40,16.1,0.05,0.53,0.04,1,0.1,0.12,5,2,5,3500,17,9,10,10,10,10,10,10,60,25.20720721,75.87385092
288,RJ-800526-001,"27.8308748, 75.0188979",RAJASTHAN,1.5,1.3,5,6,16,30,20,40,0.05,0.95,0.8,1,0.1,4.8,5,8,6,2800,2,30,0,10,10,10,10,10,50,27.8308748,75.0188979
289,RJ-900600-005,"26.7953106, 75.8107189",RAJASTHAN,25,25,5,4,1,20,30,6,0.05,1.2,0.05,1,1,1,5,2,19,1600,110,7,10,10,10,10,10,10,60,26.7953106,75.8107189
290,RJ-800609-001,"25.1716578, 75.8339983",RAJASTHAN,30,0,6,5,14.4,46,10,40,0.05,0.95,0.08,0.1,0.1,1.94,5,7,6,130,9.2,12,0,10,10,10,10,10,50,25.1716578,75.8339983
291,RJ-800592-001,"25.3614959, 74.6666852",RAJASTHAN,30,30,19,4,8.4,97.4,50,18.4,6.2,0.1,0.06,11.12,0.1,4.84,8,2,5,365,130,9,10,10,10,10,10,10,60,25.3614959,74.6666852
292,RJ-900596-006,"25.1303053, 75.9177117",RAJASTHAN,40,22,3,4,10.4,10,20,24.2,0.05,0.95,0.06,1,0.1,0.87,5,2,5,1.8,17,7,10,10,10,10,10,10,60,25.1303053,75.9177117
293,MP-802361-025,"23.210591, 79.920132",MADHYA PRADESH,32,21,3,2.6,7.8,13,12,20,0.05,0.05,0.97,0.01,0.7,13.2,5,5,14,1600,540,45,10,10,10,0,10,10,50,23.210591,79.920132
294,UP-800799-003,"27.558683, 77.6874328",UTTAR PRADESH,8,8,26,16,28,170,90,110,0.05,0.05,1.8,1,5.2,6.7,5,6.2,42,9400,9200,60,0,0,0,10,0,10,20,27.558683,77.6874328
295,MP-802421-001,"22.6810355, 81.7528852",MADHYA PRADESH,1.2,1.2,8.44,5.4,3.8,50,32,10,0.4691,0.05,0.12,7.83,2.4,7.6,8,6.4,4,210,110,20,10,10,10,10,10,10,60,22.6810355,81.7528852
296,MP-802273-004,"22.6877461, 75.8583729",MADHYA PRADESH,11,11,12,4.4,15.6,72,26,130,0.05,0.05,1.42,0.1,1.1,7.84,5,5,4,130,1.8,320,0,0,0,10,10,0,20,22.6877461,75.8583729
297,BR-801373-003,"25.5722638, 85.2319974",BIHAR,37,0,11,33,6.8,22,75,15.8,1.38,0.4,2.13,7.7,14,13.4,16,38,7,140,22,9,10,10,0,0,10,10,40,25.5722638,85.2319974
298,UP-800734-005,"28.7034744, 77.4065419",UTTAR PRADESH,56,56,8,4.4,12,40,27,30,0.05,0.05,1.1,1,1.8,6.6,5,5,16,17000,5400,35,0,10,10,10,10,10,50,28.7034744,77.4065419
299,UP-800695-003,"28.8488414, 79.028983",UTTAR PRADESH,5,5,22,13,23,120,80,60,0.05,0.05,0.6,1,4.6,2,5,5,12,54000,350000,30,0,0,10,10,10,10,40,28.8488414,79.028983
300,MP-802361-006,"23.119512, 79.909099",MADHYA PRADESH,34,13,2,2.4,7.3,10,14,20,0.05,0.05,0.89,1,1.4,11.8,5,5,10,13,1600,25,10,10,10,0,10,10,50,23.119512,79.909099
301,UP-800824-001,"27.2094216, 79.0315489",UTTAR PRADESH,23,18.23,7,2.1,15,46,8,40,0.05,0.05,1.9,1,1.2,8.1,8,5,32,1.8,1.8,40,0,10,0,10,0,10,30,27.2094216,79.0315489
302,WB-801722-001,"22.861215, 88.349573",West Bengal,18.75,18.75,20,24,9.6,58.24,56,48,1.16,0.3,0.34,5.66,11,9.8,6,31,16,170,240,10,10,10,10,10,10,10,60,22.861215,88.349573
303,KA-803083-007,"15.3525148, 75.1342888",Karnataka,0.25,0,86,8,12,184,46,44,4.1,0.9,1.05,55,32,1.02,105,23,10,140,110,46,0,10,10,10,10,10,50,15.3525148,75.1342888
304,TN-803339-003,"13.0312834, 80.1918654",TAMIL NADU,40,21.12,46,32,9,116,144,36,0.6,1.1,0.52,18,48,41,6,29,1.3,430,220,63,10,10,10,0,10,10,50,13.0312834,80.1918654
305,UP-800959-001,"26.2019, 81.2643",UTTAR PRADESH,18,5.5,5,2.6,3.7,34,15,10,0.05,0.05,0.2,1,1.3,4.9,8,5,1,1.8,3500,15,10,10,10,10,10,10,60,26.2019,81.2643
306,MP-802248-002,"22.9655113, 76.0187509",Madhya Pradesh,14,3.1,19,3,6,99.2,17,50,6.2,0.05,2.778,10.24,1.6,5.6,8,5,12,19,240,321,10,10,0,10,10,0,40,22.9655113,76.0187509
307,KA-803050-001,"15.987369, 76.12845",Karnataka,8,8,38,24,31.2,104,100.9,111.1,2,1.32,1.6,19,13.91,7.58,72,37,10,90,2,39,0,0,0,10,10,10,30,15.987369,76.12845
308,KA-803192-002,"12.319665, 76.2889833",Karnataka,8,7,10,11,4,32,40.36,16,1,1.42,0.5,3,26.2,1.87,6,29,15,2,2,17,10,10,10,10,10,10,60,12.319665,76.2889833
309,RJ-800526-003,"27.8188598, 75.0222328",RAJASTHAN,3,3,6,4,25,50,20,80,0.05,0.1,0.9,1,0.1,3.1,5,2,12,1.8,10,60,0,0,10,10,10,10,40,27.8188598,75.0222328
310,RJ-800525-001,"28.0003204, 74.9404227",RAJASTHAN,7.5,5,17.12,4,13,58.3,20,30,4.55,0.82,0.6,52.2,0.1,2.6,6.58,3.9,4,165,10,25,0,10,10,10,10,10,50,28.0003204,74.9404227
311,RJ-800527-002,"27.6164786, 75.1276309",RAJASTHAN,2,1.2,14.12,6,62,61.5,50,180,4.2,0.95,2.1,53.2,2,19.6,7.2,9,34,112,12,75,0,0,0,0,0,10,10,27.6164786,75.1276309
312,RJ-800524-001,"28.170615, 74.9706637",RAJASTHAN,2,1.3,8,6,27,60,40,100,0.05,0.82,0.8,1,1.9,3.2,5,8,20,1.8,20,35,0,0,10,10,10,10,40,28.170615,74.9706637
313,RJ-800525-002,"27.9995138, 74.9144835",RAJASTHAN,4.3,3.4,17.12,4,60,62.3,20,160,4.6,0.6,1.2,58.8,1.65,5.6,6.19,4,12,197,11,35,0,0,0,10,10,10,30,27.9995138,74.9144835
314,RJ-800571-003,"26.094911, 74.3256531",RAJASTHAN,1.5,1.5,13.9,4,12,59.5,20,30,3.98,0.65,0.4,53.2,1.9,2.8,8.55,10,3,98,17,20,0,10,10,10,10,10,50,26.094911,74.3256531
315,RJ-800527-001,"27.6275142, 75.1234675",RAJASTHAN,8,3,14.58,9,70,67.34,120,210,2.07,0.69,2.4,26.6,2.9,20.8,14.27,11,38,352.86,11,80,0,0,0,0,0,10,10,27.6275142,75.1234675
316,RJ-800571-004,"26.0919964, 74.3210646",RAJASTHAN,1,1,15.54,6,14,62.55,30,40,4.6,0.95,0.4,58.8,2,2.2,7.9,6,4,121,14,20,0,10,10,10,10,10,50,26.0919964,74.3210646
317,RJ-800571-002,"26.1165979, 74.3269424",RAJASTHAN,4,4,16.2,4,28,65.6,10,110,3.7,0.69,0.8,53.7,0.1,5.1,8.56,3.9,8,98,6.8,70,0,0,10,10,10,10,40,26.1165979,74.3269424
318,RJ-800571-001,"26.0982493, 74.3247369",RAJASTHAN,5,5,15.12,8,7.6,62.5,40,20,4.6,1.8,0.2,58.2,2,2.4,7.5,13,2,168,4.5,15,10,10,10,10,10,10,60,26.0982493,74.3247369
319,RJ-900600-006,"26.9372316, 75.7832469",RAJASTHAN,20,17,2,6.4,3,15,60,18,0.05,0.9,0.05,0.1,1.6,1,5,4,8,350,130,5,10,10,10,10,10,10,60,26.9372316,75.7832469
320,TS-802911-001,"18.4332548, 79.1506941",Telangana,38,3,53,42,20,128,196,70,0.59,0.8,5.1,50,54,18.5,23,120,37.5,210,210,2,0,0,0,0,0,10,10,18.4332548,79.1506941
321,TN-804002-001,"10.6546952, 77.0008466",Tamil Nadu,11.25,3.25,70,8.4,8,168,36,41.88,1.5,0.95,1,18,61,18.9,56,6.2,17,210,120,4,10,10,10,0,10,10,50,10.6546952,77.0008466
322,KA-803181-004,"13.0179475, 74.8106836",Karnataka,16.5,16.5,4,2,16,17,4,72.07,0.9,0.56,1,17.8,36.2,10.5,17,7.8,15,70,220,2,0,0,10,10,10,10,40,13.0179475,74.8106836
323,KA-803181-003,"12.9251141, 74.8841418",Karnataka,8.75,8.75,15,9.2,7.4,62,40,32.74,0.9,0.89,2.07,33.6,65,14.2,31,7.8,20,170,170,8,10,10,0,0,10,10,40,12.9251141,74.8841418
324,JK-800033-001,"33.73343, 75.1473126",Jammu And Kashmir,4,2,2,3.2,16,10,18,40,0.05,0.05,0.8,1,0.8,5.6,5,5,4,3500,350,60,0,10,10,10,10,10,50,33.73343,75.1473126
325,UK-800299-003,"31.0815, 77.1911",Uttarakhand,0.075,0.016,6,6.2,65,30,38,180,0.05,0.05,1.4,0.1,1.8,5.2,5,6.4,6,540,1.8,75,0,0,0,10,10,10,30,31.0815,77.1911
326,UK-800299-002,"30.1407639, 78.5986344",Uttarakhand,0.15,0.082,4,2.8,25,20,18,70,0.05,0.05,0.9,1,0.9,2.4,5,5,2,3500,1600,30,0,0,10,10,10,10,40,30.1407639,78.5986344
327,PB-800171-001,"31.6810986, 75.5987488",Punjab,4,3,27,68,40,92,228.8,129.6,3.3,4.5,2.8,37.5,28.2,25.4,22.4,121,38,1700,212,2,0,0,0,0,0,10,10,31.6810986,75.5987488
328,UK-800297-001,"30.2862582, 78.978628",Uttarakhand,0.1,0.052,5,6.8,5.1,20,48,20,0.05,0.05,0.3,1,2.1,1.8,5,5,1,3500,470,25,10,10,10,10,10,10,60,30.2862582,78.978628
329,KA-803167-002,"12.4062968, 76.6933808",Karnataka,5,5,27,7.6,9,76,44.4,35.2,1,2.19,0.99,3,4.14,4.1,39,28,16,280,2,17,10,10,10,10,10,10,60,12.4062968,76.6933808
330,KA-803198-004,"12.3305345, 76.8577412",Karnataka,0.15,0.09,1,2,2,2,5,8,1,2.35,0.5,1,6.19,3.44,5,5,12,80,2,17,10,10,10,10,10,10,60,12.3305345,76.8577412
331,UK-800297-002,"30.2853353, 78.9820392",Uttarakhand,0.075,0.021,5,3.6,5.24,20,21,20,0.05,0.05,0.4,1,1.8,2.1,5,5,1,240,920,20,10,10,10,10,10,10,60,30.2853353,78.9820392
332,TS-802907-004,"18.754651, 79.4825165",Telangana,3.5,3.5,23,13,2,52,56,10,2.8,0.2,0.45,32,24,4.8,18,8,1.9,210,84,2,10,10,10,10,10,10,60,18.754651,79.4825165
333,TN-803589-001,"10.3514533, 77.9457817",Tamil Nadu,13.65,3.5,72,27,100,164,124,385.3,4.5,1.3,4.66,42,76,44,58,12.1,87,430,170,7,0,0,0,0,0,10,10,10.3514533,77.9457817
334,TN-803345-001,"12.9399791, 80.1011541",Tamil Nadu,30,14,82,8.8,13,176,36,56,1.24,0.89,0.84,21,54,14,75,6.3,9.2,110,280,120,0,0,10,0,10,10,30,12.9399791,80.1011541
335,HP-800137-006,"31.1153599, 77.1902416",Himachal Pradesh,1.35,1.1,28,21,7.5,160,130,28,0.05,0.05,0.95,1,4.8,1.2,5,5,32,920,840,35,10,10,10,10,0,10,50,31.1153599,77.1902416
336,GJ-802629-035,"21.299694, 72.992458",Gujarat,0.38,0.04,13.5,10.2,4.19,58.49,69.66,19.72,0.945,1.87,0.756,9.89,5.64,4.32,8,6,12,1.8,110,34,10,10,10,10,10,10,60,21.299694,72.992458
337,GJ-802629-032,"21.2592707, 73.0088469",Gujarat,0.36,0.32,8,14.8,7.56,36.85,89.57,32.7,0.45,1.92,1.37,1.45,4.28,4.42,10,5,18,40,94,1.8,10,10,0,10,10,10,50,21.2592707,73.0088469
338,AP-802947-007,"17.8107826, 83.3651063",Andhra Pradesh,3,3,98,45,25,232,140,100,6.3,18.6,22.7,45,104.2,30.3,23,54.4,41.5,540,1600,2,0,0,0,0,0,10,10,17.8107826,83.3651063
339,AP-802947-004,"17.8694994, 83.3757669",Andhra Pradesh,1,1,15,70,25,32,220,150,5.2,21.25,16.7,42,116.8,20.9,55,73.4,145,220,1600,2,0,0,0,0,0,10,10,17.8694994,83.3757669
340,AP-802947-008,"17.8255626, 83.3356631",Andhra Pradesh,4,4,52,30,10,120,100,40,0.27,24.5,12.5,40,122.8,7.2,12,49.4,18.7,350,1600,2,10,10,0,10,10,10,50,17.8255626,83.3356631
341,AP-802947-005,"17.8422526, 83.3598716",Andhra Pradesh,2,2,12,35,15,24,120,60,3.3,28.9,12.7,43,138.6,19.5,55,70.8,51.5,220,1600,2,0,0,0,0,0,10,10,17.8422526,83.3598716
342,MH-802811-006,"18.6287554, 73.7956801",Maharashtra,30,30,35.8,9.1,1,79.6,67,5,5.8,2.82,0.5,9.86,3.84,3.97,57.3,5,13,900,1600,70,10,10,10,10,10,10,60,18.6287554,73.7956801
343,MH-802811-005,"18.64067, 73.7471381",Maharashtra,20,20,5.9,5,3,13.1,20,6,1,2.56,1,8.37,30.1,5.1,8,5,3,280,1600,2,10,10,10,10,10,10,60,18.64067,73.7471381
344,MH-802814-006,"18.5300057, 73.868921",Maharashtra,115,115,6,5,6,17.8,16.4,18,1,1.2,1,4.1,2.6,5.8,1,4,3,542,16000,80,10,10,10,10,10,10,60,18.5300057,73.868921
345,MH-802814-005,"18.5040485, 73.8336444",Maharashtra,50,50,5,6,6.82,15.4,18,25.96,1.2,1.4,1.13,4.6,2.8,3.82,1,6,13,240,33,84,10,10,0,10,10,10,50,18.5040485,73.8336444
346,MH-802793-001,"19.1831657, 73.2233371",Maharashtra,9,5,36,14,14.5,110,42,70,2,1.2,2.12,19.5,2.1,13.79,12,4,170,1090,1.8,1600,0,0,0,0,0,0,0,19.1831657,73.2233371
347,UP-801262-002,"27.529720, 78.704928",Uttar Pradesh,24,12,14,2.6,2.8,68,16,15,0.05,0.05,0.23,1,0.9,1,12,5,7,1.8,240,15,10,10,10,10,10,10,60,27.52972,78.704928
348,UP-800695-001,"28.8082374, 79.0124109",Uttar Pradesh,14,14,12,20,38,60,120,120,0.05,0.05,0.9,0.1,4.1,3.1,5,5,5,2400,1600,40,0,0,10,10,10,10,40,28.8082374,79.0124109
349,UP-800734-008,"28.6295728, 77.4309206",Uttar Pradesh,56,56,5,2.4,12,20,14,30,0.05,0.05,1.1,0.1,1.2,14.6,5,5,14,1.8,1.8,25,0,10,10,0,10,10,40,28.6295728,77.4309206
350,MH-802786-004,"19.2748488, 72.8580863",Maharashtra,11,11,76,71.6,23.5,169.2,288,205.88,14.28,0.924,3.34,10.2,5.28,24.14,110,10,251,1600,21,500,0,0,0,0,0,0,0,19.2748488,72.8580863
351,UK-800297-007,"30.2871458, 78.985264",Uttarakhand,0.05,0.032,6,2,4,30,12,10,0.05,0.05,0.2,0.1,1.3,1.6,5,5,2,1600,220,15,10,10,10,10,10,10,60,30.2871458,78.985264
352,UK-800297-003,"30.2855125, 78.9832023",Uttarakhand,0.1,0.021,18,2.3,7.2,90,16,20,0.05,0.05,0.6,0.1,1.5,6.8,5,5,12,5400,350,65,10,10,10,10,10,10,60,30.2855125,78.9832023
353,CG-802034-005,"21.2579526, 81.5459827",Chhattisgarh,75,75,4.9,15,8,30,36,22,0.59,0.4,0.8,0.34,5.8,4,6.5,38,22,1.8,17,40,10,10,10,10,10,10,60,21.2579526,81.5459827
354,KL-900130-001,"11.0022223, 76.0049942",Kerala,0.02,0.02,30,18,6,64,76,24.05,2.6,0.8,2.84,53,31,4.5,23,20,6,130,84,9,10,10,0,10,10,10,50,11.0022223,76.0049942
355,TN-803339-019,"13.0703108, 80.244852",Tamil Nadu,1,1,14,12,11,56,72,44,0.9,0.6,0.75,28,43,15.7,17,28,6.8,170,110,110,10,10,10,0,10,10,50,13.0703108,80.244852
356,KA-803083-002,"15.471037, 75.0282617",Karnataka,20,0,50,24,4.02,104,60,12.1,2.1,0.2,0.04,52,35,1.71,25,30,10,350,94,63,10,10,10,10,10,10,60,15.471037,75.0282617
357,WB-801686-001,"23.17726, 88.5593467",West Bengal,2.6,2.6,12,19,11.5,27,45,57.6,2.6,4.9,0.54,0.92,6.5,11.76,12,12,17,350,7.8,10,0,0,10,0,10,10,30,23.17726,88.5593467
358,BR-801373-001,"25.5746945, 85.0968211",Bihar,43,35.8,56,27,9.2,118,63,42,1.62,2.2,3.99,27,12,8.2,24,47,42,350,17,26,10,10,0,10,0,10,40,25.5746945,85.0968211
359,BR-801382-003,"25.487513, 85.717424",Bihar,11,6.5,13,24,4.4,34,54,12.6,0.65,1.7,1.35,1.75,8.3,2.2,9,14,5,240,11,8,10,10,0,10,10,10,50,25.487513,85.717424
360,BR-801373-007,"25.6121518, 85.1646245",Bihar,60,45,12,52,6.2,28,117,16.4,1.59,1.8,1.92,1.4,20,13.8,12,42,4,280,14,6,10,10,0,0,10,10,40,25.6121518,85.1646245
361,MN-801487-001,"24.8307613, 93.9137516",Manipur,27,21,21.7,26.6,8.4,196.8,188.8,58,7.8,4.8,3.48,12.6,12.8,7.44,86.4,78.8,24,9,7.3,188,10,0,0,10,0,10,30,24.8307613,93.9137516
362,TR-801523-001,"23.8516506, 91.263586",Tripura,8,0,16,22.8,6.5,38,190.2,48,0.48,6.6,3.19,29.3,11.6,8.6,17,80.8,20,170,7,238,10,10,0,10,10,10,50,23.8516506,91.263586
363,GJ-802629-029,"21.2442869, 72.9305944",Gujarat,10.02,5.7,6.75,12.8,3.01,21.4,79.62,12.68,0.29,1.18,0.788,0.84,4.4,2.94,10,8,2,33,79,58,10,10,10,10,10,10,60,21.2442869,72.9305944
364,PB-800219-002,"30.6898449, 74.7340743",Punjab,14,10,3,16,34,10,56.4,115.2,0.05,1.9,1.8,1,18.6,27.97,5,18,12,1.8,148,4,0,0,0,0,10,10,20,30.6898449,74.7340743
365,PB-800261-001,"30.807409, 76.501750",Punjab,5.5,0,24,74,22,84,244.4,86.4,3.6,2.4,1.8,35.1,19.2,19.98,5.8,44,12,1800,542,1.8,0,0,0,0,10,10,20,30.807409,76.50175
366,PB-800257-001,"31.2263499, 76.5076617",Punjab,8,8,21,15,20,120,56.4,86.4,0.9,1.4,2.4,9.5,14.04,19.3,4.2,25,36,920,345,2,0,0,0,0,0,10,10,31.2263499,76.5076617
367,PB-800220-002,"30.57154, 74.7895",Punjab,6,4,6,40,28,30,131.6,86.4,0.05,1.7,2.8,1,14.3,17.07,5,34,6,35000,212,1.8,0,0,0,0,10,10,20,30.57154,74.7895
368,PB-800220-001,"30.5958396, 74.8421232",Punjab,8,6,6,15.5,28,30,56.4,86.4,0.05,1.5,2.3,0.1,17.6,13.9,5,23,12,1.8,109,2,0,0,0,0,10,10,20,30.5958396,74.8421232
369,PB-800207-001,"30.9646523, 74.6039909",Punjab,18,0,4,6,2.5,17,18.8,10,0.05,0.7,0.54,0.1,14.5,1,5,10,5,1.8,542,80,10,10,10,10,10,10,60,30.9646523,74.6039909
370,OD-801859-006,"20.3357335, 85.8472281",Odisha,48,48,39,21,7.6,85,47,21.6,0.48,2.3,0.5,18.1,14,7.2,20,32,3,170,33,18,10,10,10,10,10,10,60,20.3357335,85.8472281
371,OD-801859-009,"20.2679187, 85.7536866",Odisha,8,5,8,52,5.4,20,112,15.9,0.47,3.5,2.35,9.2,22,5.9,27,28,6.8,170,17,11,10,10,0,10,10,10,50,20.2679187,85.7536866
372,UP-800734-009,"28.6487846, 77.377589",Uttar Pradesh,56,56,4,2.2,3.5,18,14,10,0.05,0.05,0.2,0.1,1.4,1.6,5,5,5,1.8,1.8,10,10,10,10,10,10,10,60,28.6487846,77.377589
373,UP-800816-001,"27.1185628, 78.3829783",Uttar Pradesh,67,35,10,24,10,50,120,45,0.05,0.05,0.89,1,2.1,2.1,5,42,6.8,1600,3500,25,10,10,10,10,10,10,60,27.1185628,78.3829783
374,UP-800695-002,"28.7909389, 79.0533092",Uttar Pradesh,15,15,10,2.1,3.4,46,16,10,0.05,0.05,0.2,0.1,1.3,1.3,6.4,5,1,1.8,240,20,10,10,10,10,10,10,60,28.7909389,79.0533092
375,HP-800137-005,"31.1003326, 77.2094836",Himachal Pradesh,2.26,1.2,8,2.4,1,40,18,4,0.05,0.05,0.05,1,1.6,1,5,5,5,540,1.8,4,10,10,10,10,10,10,60,31.1003326,77.2094836
376,JK-800013-003,"34.0574627, 74.7895802",Jammu And Kashmir,6,0,3,20,3.6,10,12,10,0.05,0.05,0.2,1,1.2,1.8,5,5,2,130,110,15,10,10,10,10,10,10,60,34.0574627,74.7895802
377,TS-802907-003,"18.7775975, 79.4417786",Telangana,4,2,40,12,5,96,48,20,0.34,0.4,0.9,43,32,5.8,20,18,9.7,130,94,2,10,10,10,10,10,10,60,18.7775975,79.4417786
378,UP-800682-001,"28.8204851, 78.7913596",Uttar Pradesh,58,32,3,2.8,12,10,18,30,0.05,0.05,0.22,0.1,1.2,1.6,5,5,28,1.8,350,30,0,10,10,10,0,10,40,28.8204851,78.7913596
379,OD-801859-10,"20.2690232, 85.8661475",Odisha,56,14,49,34,8.4,104,74,23.3,1.1,1.5,2.5,17,14,10.3,33,32,12,350,19519,9,10,10,0,10,10,10,50,20.2690232,85.8661475
380,OD-801859-004,"20.227183, 85.804722",Odisha,43.5,20.453,16,12,5.8,38,28,18.2,0.59,1.5,4.06,14.9,6.8,5.57,11,29,6,130,110,11,10,10,0,10,10,10,50,20.227183,85.804722
381,CG-802034-004,"21.332178, 81.578066",Chhattisgarh,35,35,24.6,82,23,110,176,60,0.24,33,1.2,12.52,82,12.6,4.2,45,16,1.8,49,30,0,0,0,0,10,10,20,21.332178,81.578066
382,CG-802034-002,"21.2043,81.6089",Chhattisgarh,6,6,22.6,38,25,108,83,70,0.26,1.3,1.4,14.14,17,11.6,5.8,26,30,1.8,8875,40,0,0,0,0,0,10,10,21.2043,81.6089
383,KA-803162-003,"12.9380198, 77.6581813",Karnataka,150,150,12,5.2,16.5,64,26,85.26,1.2,0.45,5.49,10.2,6.8,9.5,18,2,12,50,14,2,0,0,0,10,10,10,30,12.9380198,77.6581813
384,KA-803162-033,"12.9436674, 77.5839925",Karnataka,1.5,1.5,2,2.4,2,5,10,12.01,1,0.1,0.5,25.09,3.2,1,5,1,5,1,2,2,10,10,10,10,10,10,60,12.9436674,77.5839925
385,KA-803162-032,"12.9707764, 77.5908056",Karnataka,4,4,8,2.4,2,24.24,14,8.38,1,1.8,0.93,44.6,3.9,11.7,5,1,5,230,2,11,10,10,10,0,10,10,50,12.9707764,77.5908056
386,KA-803127-005,"14.4957, 75.9195",Karnataka,20,20,12,2,9.2,37.44,12.4,46.07,15.2,0.91,1,56.59,68,15.6,5,1,12,35,170,5,10,10,10,0,10,10,50,14.4957,75.9195
387,KA-803127-004,"14.4964, 75.9205",Karnataka,20,20,8,7.5,7.4,24.96,20.7,29.32,6.99,1,1.52,45.27,64,15.4,5,1.9,14,40,220,4,10,10,0,0,10,10,40,14.4964,75.9205
388,TS-900067-001,"16.6933655, 78.9169783",Telangana,1.5,0.75,45,18,5,104,92,20,1.13,0.8,2.9,52,47,16.4,18,15,1,170,210,2,10,10,0,0,10,10,40,16.6933655,78.9169783
389,KA-803127-002,"14.4535439, 75.9472312",Karnataka,5,5,12,11.5,2.7,33.28,37,12.56,1.775,0.94,1,11.32,59,8.5,6,4.8,5,40,110,2,10,10,10,10,10,10,60,14.4535439,75.9472312
390,JK-800013-021,"34.0842978, 74.8161521",Jammu And Kashmir,17.08,17.08,14,12,18,74,70,50,0.05,0.05,1.7,1,2,10.6,5.4,7.2,42,5400,9200,45,0,10,0,10,0,10,30,34.0842978,74.8161521
391,HP-800137-004,"31.107331, 77.1303603",Himachal Pradesh,3.93,0.7,10,9.4,2,50,60,8.5,0.05,0.05,0.88,1,6.3,1,5,20,6,3500,2800,10,10,10,10,10,10,10,60,31.107331,77.1303603
392,AP-802947-029,"17.826634, 83.368841",Andhra Pradesh,2,1.4,75,34,25,160,100,110,2.7,17.8,13.6,45,76.4,19.8,84,36.8,57.5,240,1600,2,0,0,0,0,0,10,10,17.826634,83.368841
393,AP-802947-003,"17.8098265, 83.3323456",Andhra Pradesh,1,0.5,72,46,10,156,130,50,3.1,21.22,13.9,37,130.3,2.8,56,82.5,24.7,170,1600,2,10,10,0,10,0,10,40,17.8098265,83.3323456
394,UP-800734-10,"28.6519841, 77.3770138",Uttar Pradesh,56,56,16,18,25,80,120,80,0.05,0.05,0.6,0.1,3.2,5.1,5,12,22,1.8,280,40,0,0,10,10,10,10,40,28.6519841,77.3770138
395,WB-801694-001,"22.8939643, 88.4002399",West Bengal,11.56,11.56,33,25,15,71,56,48,0.78,2.4,0.52,13,11,13.16,13,21,24,2355,16645,10,0,10,10,0,0,10,30,22.8939643,88.4002399
396,OD-801859-011,"20.2359484, 85.8572893",Odisha,28,16,21,13,4.5,47,28,13.2,0.45,1.6,1.56,26.8,5.2,7.1,22,20,6,94,14706,19,10,10,0,10,10,10,50,20.2359484,85.8572893
397,UK-800295-004,"30.2617773, 79.217051",Uttarakhand,0.05,0.032,20,8.2,26,100,48,80,0.05,0.05,0.9,0.1,3.2,5.6,5.2,6.8,8,22000,1.8,55,0,0,10,10,10,10,40,30.2617773,79.217051
398,UK-800295-002,"30.261271, 79.217090",Uttarakhand,0.1,0.061,2,5.8,22,10,60,60,0.05,0.05,0.6,0.1,2.4,1.6,5,5,42,35000,1.8,30,0,0,10,10,0,10,30,30.261271,79.21709
399,KA-803114-003,"15.1839782, 76.9190203",Karnataka,2,1.7,55,17,41.7,148,88.79,150,3,2.18,3.08,72,11.25,51,139,35,63,110,94,48,0,0,0,0,0,10,10,15.1839782,76.9190203
400,MP-802200-002,"24.4539143, 74.8746526",Madhya Pradesh,7,3.5,13.5,5.4,21,52.6,31,180,5.6,0.05,4.08,5.25,1.18,7.56,11,5,24,6,130,258,0,0,0,10,0,0,10,24.4539143,74.8746526
401,MH-802856-006,"17.6176394, 75.9283601",Maharashtra,25,7,17,8,2.6,51.3,24,8,1.4,1,1.41,4.6,2.9,1.96,9,1,10,348,41,1.8,10,10,0,10,10,10,50,17.6176394,75.9283601
402,MH-802737-003,"19.205826, 77.3455433",Maharashtra,15,12,16,29,7.5,49.7,85.6,24,1.5,2.4,9.74,4.4,12.4,1.03,6,13,10,5420,1600,1.8,10,10,0,10,10,10,50,19.205826,77.3455433
403,MH-802856-005,"17.608583, 75.866553",Maharashtra,30,9,18,21,13.5,53,67.1,40,1.3,2.1,1,5.5,7.8,5.43,11,5,10,348,140,1.8,0,10,10,10,10,10,50,17.608583,75.866553
404,DD-802638-001,"20.4071119, 72.8378425",Dadra And Nagar Haveli And Daman And Diu,4.21,0,5,23,3.41,10,69,14.7,1,1.8,1.34,3.1,8.7,4.29,3,7,29,1090,1600,63,10,10,0,10,0,10,40,20.4071119,72.8378425
405,MH-802856-004,"17.6638536, 75.8564815",Maharashtra,150,49,13,10,8.1,40.6,30.2,24,1,1.1,1.05,2.8,2.8,6,2,1,10,130,1.8,1.8,10,10,10,10,10,10,60,17.6638536,75.8564815
406,MH-802855-001,"18.2318688, 75.6973493",Maharashtra,18.5,18.5,5,9,2.6,10,27.7,8,1,1,4.29,2.7,2.9,8.28,1,2,10,2,130,1.8,10,10,0,10,10,10,50,18.2318688,75.6973493
407,MH-802787-005,"19.2136152, 72.9837034",Maharashtra,22.2,20,4.8,16.3,5,10.7,65,9.09,2.34,1.69,0.5,4.8,5.96,4.6,7.7,32,120,1600,120,1600,10,10,10,10,0,0,40,19.2136152,72.9837034
408,MH-802793-002,"19.2178075, 73.1690721",Maharashtra,45,23,54,23.46,19.5,162.3,95,78.43,3.5,4.17,0.71,17.8,6.29,33.33,39,58,75,110,63,170,0,0,10,0,0,10,20,19.2178075,73.1690721
409,KA-803193-005,"12.4472, 76.3932",Karnataka,0.25,0,1,2,6.8,2,7.98,24,1,1.07,0.5,2,8.04,1,5,6,13,90,2,2,10,10,10,10,10,10,60,12.4472,76.3932
410,KA-803193-004,"12.4313669, 76.3848579",Karnataka,0.15,0,7,2,2,20,5,8,2,1.56,1.77,1,8.46,1.69,5,5,17,140,2,2,10,10,0,10,10,10,50,12.4313669,76.3848579
411,RJ-800487-002,"28.2057995, 76.8167309",Rajasthan,1.5,1.5,15.12,15,6,60.32,68,3,4.45,2.42,0.21,57.23,19.8,1,6.18,12,14,205,380,5,10,10,10,10,10,10,60,28.2057995,76.8167309
412,RJ-800487-001,"28.1954375, 76.8508619",Rajasthan,3,2.5,19.54,9,2.2,61.76,50,10,5.35,2.1,0.05,56.33,14.2,1,6.72,8,19,210,298,8,10,10,10,10,10,10,60,28.1954375,76.8508619
413,RJ-800487-009,"28.207992, 76.8288051",Rajasthan,4,4,19.77,10,85,61.87,52,220,5.65,2.23,4.8,56.56,14.2,6.8,6.48,10,29,225,285,120,0,0,0,10,0,10,20,28.207992,76.8288051
414,RJ-800487-004,"28.1877235, 76.8870263",Rajasthan,2,0.8,19.54,12,7,61.75,58,16,5.45,2.69,0.52,56.33,16.2,5.5,6.65,11,20,225.36,415,10,10,10,10,10,10,10,60,28.1877235,76.8870263
415,RJ-800487-005,"28.2071882, 76.8284355",Rajasthan,3,0,6,12,3,32,58,14,0.05,2.69,0.05,1,16.2,1,5,11,22,35000,275,5,10,10,10,10,10,10,60,28.2071882,76.8284355
416,RJ-800468-002,"28.2957928, 74.9687956",Rajasthan,2.5,1.5,17.12,4,1,60.3,40,4,4.22,0.68,0.05,52.2,1,1,6.65,3,5,485,8,3,10,10,10,10,10,10,60,28.2957928,74.9687956
417,RJ-800568-002,"26.5771949, 74.8980266",Rajasthan,10,7,14.02,2.4,7.1,56.98,40,20,2.23,0.98,0.2,26.61,2,2.6,13.14,8,2,345.9,18,10,10,10,10,10,10,10,60,26.5771949,74.8980266
418,RJ-800569-002,"26.4829722, 74.5388011",Rajasthan,3.5,3.5,18,6,12,66.81,40,30,4.08,6.95,0.22,28.2,1.9,2.9,16.85,8,4,407.22,4,15,0,10,10,10,10,10,50,26.4829722,74.5388011
419,RJ-800468-003,"28.2840714, 74.9690235",Rajasthan,1,1,14.42,10,1,60.32,60,4,3.65,0.65,0.05,58.28,1.6,1,6.47,4,5,321,26,3,10,10,10,10,10,10,60,28.2840714,74.9690235
420,RJ-800570-002,"26.4760229, 74.6134092",Rajasthan,13,12.5,10,6,3.8,50,30,10,0.05,0.95,0.3,1,1.9,1.8,5,8,2,9200,6.8,15,10,10,10,10,10,10,60,26.4760229,74.6134092
421,KA-803137-002,"13.9360617, 75.6046617",Karnataka,5.13,0,14,6.2,3.6,54,20.7,16.75,1.1,1,1.78,12.6,67,8.2,7,3.2,8,2,120,5,10,10,0,10,10,10,50,13.9360617,75.6046617
422,JK-800013-022,"34.0847374, 74.8147757",Jammu And Kashmir,16.1,13.1,3,3.2,6.9,17,18,20,0.05,0.05,1.2,1,1.16,7.3,5,5,16,22000,140,30,10,10,0,10,10,10,50,34.0847374,74.8147757
423,MP-802312-001,"23.2825681, 77.4585446",Madhya Pradesh,35,28,6,2.8,10.8,30,16,90,0.05,0.05,1.498,1,1.02,5.6,5,5,4,280,350,210,10,0,0,10,10,10,40,23.2825681,77.4585446
424,UP-800951-007,"26.8346005, 81.0372605",Uttar Pradesh,345,345,6,2.6,17.2,32,17,50,0.05,0.05,0.22,1,1.4,19.4,5,6.4,42,2200,240,90,0,10,10,0,0,10,30,26.8346005,81.0372605
425,TN-803339-006,"13.1437023, 80.2601411",Tamil Nadu,120,110,46,42,5.4,120,112,32,0.4,0.2,0.34,19,46,38,13,26,1.8,350,130,220,10,10,10,0,10,10,50,13.1437023,80.2601411
426,KL-803299-003,"9.4924077, 76.3408688",Kerala,0.24,0.24,60,24,5.1,132,84,28.06,2.6,0.4,0.5,45,38,2,45,32,7,220,79,2,10,10,10,10,10,10,60,9.4924077,76.3408688
427,TS-802918-025,"17.4052558, 78.328111",Telangana,15,10,58,24,6,132,96,20,1.3,0.2,0.6,38,38,24,20,45,6,170,84,152,10,10,10,0,10,10,50,17.4052558,78.328111
428,TS-802918-021,"17.4170457, 78.4638094",Telangana,20,20,28,18,13,64,64,44,1.33,0.6,0.8,48,32,18,15,15,9,140,110,110,0,10,10,0,10,10,40,17.4170457,78.4638094
429,UP-800734-001,"28.6544165, 77.3770318",Uttar Pradesh,74,74,3,2.8,14,15,17,40,0.05,0.05,0.4,1,0.5,2.6,5,5,6,1.8,13,25,0,10,10,10,10,10,50,28.6544165,77.3770318
430,UP-800951-006,"26.8835176, 80.9015979",Uttar Pradesh,56,56,10,3.2,29,46,19,90,0.05,0.05,0.42,1,1.5,5.6,5,5,72,1.8,13,60,0,0,10,10,0,10,30,26.8835176,80.9015979
431,UP-801030-002,"25.464259, 78.593702",Uttar Pradesh,26,26,3,2.6,2,14,16,10,0.05,0.05,0.75,0.1,0.6,1,5,5,5,350,130,7,10,10,10,10,10,10,60,25.464259,78.593702
432,UP-800734-002,"28.6296178, 77.4309564",Uttar Pradesh,70,70,9,14,14,48,90,40,0.05,0.05,1.9,0.1,3.8,10.4,5,5,12,22000,940,50,0,10,0,10,10,10,40,28.6296178,77.4309564
433,UP-800866-002,"28.3562896, 79.3919719",Uttar Pradesh,35,23,8,5.2,6.5,45,32,30,0.05,0.05,1.35,0.1,1.7,1.2,5,5,5,3500,1.8,15,10,10,0,10,10,10,50,28.3562896,79.3919719
434,KA-803083-003,"15.5034328, 74.9743936",Karnataka,10,0,52,26,32.1,112,116,96.8,4.7,0.3,0.14,55,36,2.2,38,22,10,220,120,49,0,0,10,10,10,10,40,15.5034328,74.9743936
435,TS-802918-005,"17.3743664, 78.4315684",Telangana,23,23,51,18,23,104,60,72,2.7,0.7,0.9,30,28,24,21,81,11,240,79,108,0,0,10,0,10,10,30,17.3743664,78.4315684
436,TN-803339-022,"13.0243297, 80.2295",Tamil Nadu,4,4,46,24,10,112,80,44,2.26,0.6,0.36,36,36,38,32,32,1,210,84,210,10,10,10,0,10,10,50,13.0243297,80.2295
437,KL-900211-004,"11.6589181, 76.2630861",Kerala,0.14,0.14,26,18,4.4,60,74,20.04,3.6,0.4,2.84,40,44,3.73,17,21,7,350,79,2,10,10,0,10,10,10,50,11.6589181,76.2630861
438,KL-803271-001,"10.9180913, 75.9248107",Kerala,0.05,0,50,18,2.3,112,68,12.02,1.5,0.8,2.84,41,36,4.5,38,35,5,220,110,4,10,10,0,10,10,10,50,10.9180913,75.9248107
439,KA-803083-004,"15.4596751, 74.9809677",Karnataka,3,0,82,36,14.4,176,100,40.3,3.1,0.2,1.4,36,42,0.5,69,49,16,130,130,70,0,10,0,10,10,10,40,15.4596751,74.9809677
440,UP-800734-006,"28.6468747, 77.4036631",Uttar Pradesh,21.5,5,5,2.4,11,22,15,30,0.05,0.05,0.2,1,1.4,1.9,5,5,7,13,5400,25,10,10,10,10,10,10,60,28.6468747,77.4036631
441,MP-802248-003,"22.9370191, 76.0017302",Madhya Pradesh,22,4.9,4,4.4,12,16,25,100,0.05,0.05,0.1706,1,1.22,9.52,5,5,6,13,16000,248,0,0,10,10,10,10,40,22.9370191,76.0017302
442,UP-801244-002,"25.161313, 82.5105258",Uttar Pradesh,7,4,3,3.8,7.2,17,22,20,0.05,0.05,0.3,1,1.14,5.6,5,5,1,140,2200,35,10,10,10,10,10,10,60,25.161313,82.5105258
443,MH-802776-011,"19.932906, 73.7913587",Maharashtra,32,19.39,8,16,5,23.7,48,9.8,1.1,1.2,0.5,3.6,3.8,1.15,3,4,70,2400,1.8,2,10,10,10,10,0,10,50,19.932906,73.7913587
444,BR-801357-001,"25.38738739, 86.49720585",Bihar,30,30,35,36,10.6,78,81,35.2,0.71,3.8,1.16,15,27,14.6,20,16,5.8,70,11,8,10,10,0,0,10,10,40,25.38738739,86.49720585
445,BR-801353-001,"25.24324324, 86.75289799",Bihar,10,4.5,20,23,13,48,54,96,1.55,1.8,0.78,5.9,14,10.08,15,24,15,110,17,10,0,0,10,10,10,10,40,25.24324324,86.75289799
446,OD-801863-001,"19.8117983, 85.802057",Odisha,28,15,44,19,10.8,94,45,28,1,4.2,3.66,20.8,12,14.5,31,22,11.6,280,26,26,10,10,0,0,10,10,40,19.8117983,85.802057
447,MH-802787-006,"19.2307111, 72.9861007",Maharashtra,23.06,11,12.02,50,5.5,42.8,170,19.61,3.9,1.2,1.33,28.9,24.4,5.75,7.12,4,110.5,167,348,300,10,10,0,10,0,0,30,19.2307111,72.9861007
448,MH-802786-006,"19.290251, 72.860110",Maharashtra,12,12,21.6,48,18,94.5,160,98.04,4.6,1.2,3.43,10.3,21.2,37.93,8.1,9,93,49,426,2,0,0,0,0,0,10,10,19.290251,72.86011
449,MH-802786-003,"19.296412, 72.876955",Maharashtra,7,7,4.1,54,14.5,12.7,180,49.02,3.3,0.7,2.97,6.7,15.4,13.79,4.9,36,202.5,57,542,1600,0,10,0,0,0,0,10,19.296412,72.876955
450,MH-802791-003,"19.232347, 73.147236",Maharashtra,15,15,5.2,18,9,11.9,60,29.41,1,0.3,1.63,6.8,11.8,8.05,14.25,12,88,1600,426,14,10,10,0,10,0,10,40,19.232347,73.147236
451,MH-802791-002,"19.233271, 73.1484222",Maharashtra,31.26,31.26,19,24,11.5,27.77,80,39.22,1.18,0.15,0.5,7.8,11.2,11.49,12.4,8,89,1600,175,1600,0,10,10,0,0,0,20,19.233271,73.1484222
452,MH-802791-001,"19.2177728, 73.1687034",Maharashtra,20.72,20.72,20,26,5,46.36,80,45.45,1.9,0.4,0.5,7.34,12.4,36.78,15.66,22,195,1600,426,2,10,10,10,0,0,10,40,19.2177728,73.1687034
453,MH-802786-005,"19.2888143, 72.8797235",Maharashtra,14,14,18,12,19,41.8,40,107.84,6.45,0.3,3.3,6.1,9.8,32.18,4,6,212,1600,348,900,0,0,0,0,0,0,0,19.2888143,72.8797235
454,PB-800280-001,"29.8404218, 76.1169149",Punjab,3,2.5,8,42,2,40,140.8,7.8,0.05,1.2,0.19,1,15.8,1,7.4,7,5,1.8,542,16,10,10,10,10,10,10,60,29.8404218,76.1169149
455,PB-800279-001,"29.8237033, 75.887486",Punjab,3,2,18,21,2,190,70.4,8,0.05,0.4,0.16,1,10.6,1,5.6,1,5,1.8,26,18,10,10,10,10,10,10,60,29.8237033,75.887486
456,PB-800199-001,"30.7915513, 75.4668096",Punjab,16,7.5,12,12.5,14,70,40,43.2,0.05,0.1,1.6,1,6.2,23.14,5,2,4,1.8,21,1.8,0,10,0,0,10,10,30,30.7915513,75.4668096
457,PB-800259-001,"30.9746396, 76.5107115",Punjab,10,8,6,58,10,15.3,193.6,43.2,3.4,1.2,2.1,4.9,19.6,20.15,15.8,8,12,1700,542,4,10,10,0,0,10,10,40,30.9746396,76.5107115
458,PB-800163-006,"31.0179767, 75.771905",Punjab,3,2,22,24,40,61,80,183.6,5.7,0.5,3.2,18.8,18.4,17.25,70.6,18,34,2000,542,170,0,0,0,0,0,10,10,31.0179767,75.771905
459,PB-800162-002,"31.12347984, 75.75997587",Punjab,4,2,31,32,16,92,105.6,43.2,4.4,0.5,0.8,32.3,14.2,1.28,15.4,1,8,2000,27,1.8,0,10,10,10,10,10,50,31.12347984,75.75997587
460,PB-800158-002,"31.228395, 75.7450117",Punjab,8,6,27,36,25,69,123.2,80,2.4,0.8,1.4,29.4,16.4,14.8,59.2,4,12,1700,109,45,0,0,0,0,10,10,20,31.228395,75.7450117
461,MH-802786-002,"19.2771299, 72.8657575",Maharashtra,13,13,29,6.5,13.5,65.8,20,49.02,6.75,0.6,2.92,7.8,17.2,12.64,92,18,185,1600,278,170,0,10,0,0,0,10,20,19.2771299,72.8657575
462,MH-802787-004,"19.1834707, 72.9918393",Maharashtra,8.45,4,12.02,42,8.5,38.9,140,29.41,4.3,1.2,0.5,11.2,13.7,9.2,5.2,12,49,159,542,2,10,10,10,10,0,10,50,19.1834707,72.9918393
463,MH-802787-009,"19.2853056, 72.9461019",Maharashtra,7,4.5,19.02,45,8,97.5,150,27.27,3.2,1.4,0.73,12.6,22.4,13.79,7.5,4,172,310,27,1600,10,10,10,0,0,0,30,19.2853056,72.9461019
464,PB-800259-002,"30.9745, 76.511",Punjab,2.5,1,13,36,14,30.6,123.2,43.2,6.3,0.9,2.2,19.7,17.2,1.43,27.2,4,18,2000,542,12,0,10,0,10,10,10,40,30.9745,76.511
465,PB-800259-003,"30.9837489, 76.5329909",Punjab,2,0.5,5,52,26,7.6,176,86.4,3.1,1.5,1.4,6.2,24.2,7.24,21.6,6,46,1500,120,4,0,0,0,10,0,10,20,30.9837489,76.5329909
466,MH-802796-001,"18.9899, 73.1002",Maharashtra,14,12.5,8,3.2,5.4,26.1,15,16,1,0.79,5.86,2.4,4.8,6,3,2,10,5420,79,1.8,10,10,0,10,10,10,50,18.9899,73.1002
467,MH-802786-001,"19.2966188, 72.8770629",Maharashtra,17,17,7.9,13.4,21.5,17.5,80,127.45,4.31,2.71,4.4,5.8,30.4,31.04,5.2,11,251.5,26,220,1600,0,0,0,0,0,0,0,19.2966188,72.8770629
468,AP-802969-001,"16.5363638, 80.6462316",Andhra Pradesh,40,40,102,22,10,244,90,40,3.36,8.3,8.1,98,42.6,6.8,65,3.2,9.1,350,27,2,10,10,0,10,10,10,50,16.5363638,80.6462316
469,AP-802988-001,"15.4933701, 80.0905328",Andhra Pradesh,15,15,168,190,10,384,680,40,4.7,10.03,2.07,50,136.2,12,20,14.6,4,540,540,2,10,10,0,0,10,10,40,15.4933701,80.0905328
470,PB-800190-001,"30.8477861111111, 76.1763777777777",Punjab,4,4,35,32,26,107,100,86.4,4.7,0.82,2.8,36.6,16.4,17.64,68.6,6,14,1700,148,4,0,0,0,0,10,10,20,30.84778611,76.17637778
471,PB-800195-002,"30.8742821, 75.9871422",Punjab,7,7,26,48,26,77,160,86.4,3.7,0.4,0.6,28.1,19.8,23.74,66.4,34,14,1900,172,24,0,0,10,0,10,10,30,30.8742821,75.9871422
472,PB-800187-001,"30.6220499, 76.3006927",Punjab,25,0,8,144,45,40,480,180,0.05,1.4,3.4,1,29.2,18.9,5,38,32,1700,542,130,0,0,0,0,0,10,10,30.6220499,76.3006927
473,PB-800183-002,"31.0547121, 76.2926763",Punjab,4,4,16,30,32,110,100,108,1.2,0.9,1.4,13.2,16.3,16.77,9.8,7,18,920,177,12,0,0,0,0,10,10,20,31.0547121,76.2926763
474,PB-800180-001,"31.190731, 75.988792",Punjab,3,2.75,13,12,42,31,40,183.6,6.6,0.3,2.6,20.7,12.8,20.37,19.3,14,16,1700,109,79,0,0,0,0,10,10,20,31.190731,75.988792
475,PB-800265-002,"30.5620767, 76.694983",Punjab,4,3,17,42,1.8,46,140,6.2,5.5,1.2,0.16,23.3,18.4,1,30.1,22,5,2000,175,8,10,10,10,10,10,10,60,30.5620767,76.694983
476,PB-800272-001,"30.2722763, 76.0313606",Punjab,4,2.5,3,36,2.9,15,120,12,0.05,0.7,0.88,0.1,17.8,1,5,6,5,1.8,26,7,10,10,10,10,10,10,60,30.2722763,76.0313606
477,PB-800158-001,"31.2459624, 75.7607095",Punjab,20,18,33,36,26,92,120,80,3.5,0.8,1.6,34.8,17.05,12.4,9.4,6,26,2000,542,60,0,0,0,0,0,10,10,31.2459624,75.7607095
478,PB-800158-003,"31.2460157, 75.7608623",Punjab,8,7,58,30,25,184,100,70,4.9,0.8,4.2,48.2,17.5,11.4,16.2,24,36,1800,348,90,0,0,0,0,0,10,10,31.2460157,75.7608623
479,PB-800258-002,"31.364406, 76.373309",Punjab,5,2,25,6,18,84,20,54,3.4,0.1,2.8,30.4,12.7,33.19,6.4,1,2,1800,58,2,0,10,0,0,10,10,30,31.364406,76.373309
480,PB-800258-001,"31.3705519, 76.3660916",Punjab,8,7,29,12,36,107,40,108,4.3,0.7,2.82,36.8,21.2,9.97,11.8,22,28,1800,94,1.8,0,0,0,10,0,10,20,31.3705519,76.3660916
481,PB-800230-001,"29.9996133, 75.0686667",Punjab,3,2.9,15,60,20,75,200,64.8,0.05,1.1,2.8,1,17.8,31.06,5,36,46,1.8,542,20,0,0,0,0,0,10,10,29.9996133,75.0686667
482,CG-801975-002,"22.0707505, 82.2228426",Chhattisgarh,17,17,18,26,18,97.9,58,60,6.4,2.9,1.2,11.6,9.7,9.62,9,55,24,350,140,35,0,0,0,10,0,10,20,22.0707505,82.2228426
483,CG-801975-001,"22.05648, 82.21722",Chhattisgarh,54,0,26,17,12,57,39,40,1,0.7,0.88,13,10,8.66,16,92,16,70,79,25,0,10,10,10,10,10,50,22.05648,82.21722
484,TS-802914-001,"18.0981907, 78.8598341",Telangana,11,10.95,45,18,5,108,68,20,1.13,0.7,1.1,56,26,12.8,21,15,1.9,280,94,2,10,10,10,0,10,10,50,18.0981907,78.8598341
485,JK-800013-029,"34.1347777, 74.8408251",Jammu And Kashmir,7.5,3,3,3.8,7.3,15,22,20,0.05,0.05,0.18,1,1.7,1.6,5,5,10,9400,350,20,10,10,10,10,10,10,60,34.1347777,74.8408251
486,HP-800137-002,"31.0815, 77.1911",Himachal Pradesh,8.42,3.9,5,3.8,8.5,20,23,38,0.05,0.05,0.75,1,1.68,1.5,1,5,12,5400,240,13,10,10,10,10,10,10,60,31.0815,77.1911
487,HP-800137-003,"31.1184525, 77.1451009",Himachal Pradesh,5.8,4.4,8,4.2,5.5,40,24,22,0.05,0.05,0.28,1,1.9,1,5,5,8,35000,28000,18,10,10,10,10,10,10,60,31.1184525,77.1451009
488,JK-800013-030,"34.1460462, 74.8431704",Jammu And Kashmir,3.2,1.1,6,3.2,3.9,30,19,10,0.05,0.05,0.4,0.1,1.4,1.9,5,5,1,2800,920,15,10,10,10,10,10,10,60,34.1460462,74.8431704
489,HP-800137-001,"31.0671109, 77.1583537",Himachal Pradesh,25.2,13,7,3.6,7.5,34,20,20,0.05,0.05,0.05,1,1.1,1,5,5,10,1.8,1.8,7,10,10,10,10,10,10,60,31.0671109,77.1583537
490,KA-803041-001,"16.5191964, 75.2736088",Karnataka,7.6,7.6,51,4.8,19.1,136,20.14,40.3,2,1.89,0.9,44,6.29,2.5,22,8,10,80,17,50,0,10,10,10,10,10,50,16.5191964,75.2736088
491,KA-803197-002,"12.1337683, 76.6759733",Karnataka,0.3,0.3,9,11.8,6.6,28,47.9,29.32,1,1,0.5,1,12.53,0.5,10,19,9,220,2,17,10,10,10,10,10,10,60,12.1337683,76.6759733
492,KA-803198-003,"12.3332916, 76.8567917",Karnataka,0.65,0,1,2,2,2,5,6.8,1,1,0.5,1,2.97,1.95,5,5,16,110,2,22,10,10,10,10,10,10,60,12.3332916,76.8567917
493,KA-803089-001,"15.2499132, 74.6362004",Karnataka,8,0,8,2,2.09,24,8.06,8.13,1,2.57,0.36,3,5.47,0.5,19,24,25,9,13,43,10,10,10,10,0,10,50,15.2499132,74.6362004
494,KA-803165-001,"12.823178, 76.784354",Karnataka,3,2.5,6,2,9.6,20,5,40.16,1,1,3.41,3,2.77,3.5,6,5,15,4,2,49,10,10,0,10,10,10,50,12.823178,76.784354
495,KA-803172-002,"13.1661799, 75.872619",Karnataka,5,2,2,2,11.5,4,7.98,44.04,1,1.88,1,31,4.79,8.4,10,5,10,90,2,2,0,10,10,10,10,10,50,13.1661799,75.872619
496,KA-803138-003,"13.816418, 75.692747",Karnataka,1,0.3,7,6.6,6.8,24,27.94,32.12,1,1.47,0.52,63,5.02,3.8,11,198,10,170,2,2,10,10,10,10,10,10,60,13.816418,75.692747
497,KA-803099-001,"14.0175, 74.5355",Karnataka,2.75,2.75,5,7.4,6.88,32,28.2,24,0.05,1.48,0.42,0.1,13.51,3.17,5,31,10,110,14,39,10,10,10,10,10,10,60,14.0175,74.5355
498,KA-803089-002,"15.263676, 74.623254",Karnataka,0.5,0,9,5.8,7.27,28,24.17,24,1,1.07,0.18,2,6.95,0.5,10,18,18,7,10,48,10,10,10,10,10,10,60,15.263676,74.623254
499,KA-803030-001,"16.1609823, 74.8750033",Karnataka,8.7,0,25,2,2.91,72,5,8,1,1,0.34,3,2.86,1.6,23,5,10,4,2,31,10,10,10,10,10,10,60,16.1609823,74.8750033
500,KA-803149-001,"13.3015268, 75.7843365",Karnataka,20,20,8.2,18,7.2,39,68.48,36.83,0.1,4.6,1.41,7.3,11.48,11.8,2,15,17,50,2,5,10,10,0,0,10,10,40,13.3015268,75.7843365
501,KA-803197-001,"12.0956686, 76.720124",Karnataka,8,4,96,2,6.2,252,5,33.5,1,1,0.5,17,4.28,7.6,325,5,11,170,2,14,10,10,10,10,10,10,60,12.0956686,76.720124
502,KA-803191-003,"12.343332, 76.123082",Karnataka,4.2,0,2,17.5,4.6,4,67.86,20,1,1.21,0.98,1,14.45,1,14,17,11,170,2,14,10,10,10,10,10,10,60,12.343332,76.123082
503,KA-803107-002,"14.6462180, 75.6298380",Karnataka,7.5,7.5,10,15,8.4,32,59.88,46.07,2,2.09,1.91,30,13.06,13.4,15,13,21,110,2,12,10,10,0,0,10,10,40,14.646218,75.629838
504,KA-803198-002,"12.3519317, 76.8820567",Karnataka,3.8,2.48,4,2,2.3,12.48,5,12,1,1,0.74,16.98,2.41,2.03,5,5,13,35,2,11,10,10,10,10,10,10,60,12.3519317,76.8820567
505,UK-800336-002,"29.3826951, 79.1310394",Uttarakhand,1.5,0.9,4,2.8,3.5,20,16,10,0.05,0.05,1.3,1,1.36,6.8,5,5,8,790,1.8,30,10,10,0,10,10,10,50,29.3826951,79.1310394
506,KA-803162-005,"12.9422355, 77.6549049",Karnataka,30,30,6,3.2,3.1,50,18,12.56,0.05,0.16,1.11,1,6.2,3,5,1,5,1.8,2,2,10,10,0,10,10,10,50,12.9422355,77.6549049
507,KA-803162-038,"12.9963259, 77.7766951",Karnataka,6,6,2,2.2,4.9,5,8,20.02,1,0.19,0.5,30.66,6.7,1,5,4,5,1,2,2,10,10,10,10,10,10,60,12.9963259,77.7766951
508,KA-803162-011,"12.8984, 77.4746786",Karnataka,20,20,4,5.2,2,12.48,24,4.19,6.394,1.5,3.54,22.64,3.1,8.21,5,2,5,1,2,6,10,10,0,10,10,10,50,12.8984,77.4746786
509,KA-803162-031,"13.0214831, 77.7210642",Karnataka,15,15,4,4.4,3.9,12.48,20,20.94,1,0.6,0.92,82.05,20.6,1.72,5,5,5,1,2,2,10,10,10,10,10,10,60,13.0214831,77.7210642
510,KA-803162-007,"12.9370388, 77.5233147",Karnataka,150,150,2,2.8,5.8,5,14,20.94,1,0.1,0.83,16.98,6.6,1,10,3,5,1,2,2,10,10,10,10,10,10,60,12.9370388,77.5233147
511,KA-803162-010,"12.9862032, 77.6223278",Karnataka,2,2,5,3.6,2,40,20,8.02,0.05,0.99,0.56,1,13.2,4.7,5,4,10,1.8,2,2,10,10,10,10,10,10,60,12.9862032,77.6223278
512,KA-803162-036,"12.916962, 77.640964",Karnataka,35,35,2,4.2,7.8,5,20,32.03,1,0.1,0.66,47.39,5.3,1.9,5,2,9,5,2,4,10,10,10,10,10,10,60,12.916962,77.640964
513,KA-803162-009,"13.0154601, 77.6916775",Karnataka,20,20,8,3.2,7,50,18,28.03,0.05,0.65,0.5,1,8.9,5.4,5,3,7,1.8,2,2,10,10,10,10,10,10,60,13.0154601,77.6916775
514,KA-803162-014,"12.8969668, 77.4760854",Karnataka,40,40,2.6,7.6,3,14,28,12.56,2.6,2.9,2.49,16.6,8.6,16.72,2,3,5,2,2,8,10,10,0,0,10,10,40,12.8969668,77.4760854
515,UP-800733-001,"28.7393291, 77.2736317",Uttar Pradesh,30,30,9,5.6,21,47,32,70,0.05,0.05,0.45,0.1,2.4,6.4,5,5,16,54000,1.8,45,0,0,10,10,10,10,40,28.7393291,77.2736317
516,UP-801235-008,"25.3462208, 83.0471682",Uttar Pradesh,80,80,6,3.4,3.9,27,19,10,0.05,0.05,0.22,0.1,1.68,8.9,5,5,5,1.8,1.8,25,10,10,10,10,10,10,60,25.3462208,83.0471682
517,KA-803162-037,"12.8653826, 77.6036601",Karnataka,10,10,2,6.8,8.2,5,26,36.04,1,0.76,0.5,36.24,10,2.3,5,6,8,1,14,5,10,10,10,10,10,10,60,12.8653826,77.6036601
518,KA-803162-028,"12.9391019, 77.7167774",Karnataka,90,90,3,8.2,2,8.32,36,8.38,1,0.46,0.5,48.1,13.6,5.55,5,7,5,17,33,2,10,10,10,10,10,10,60,12.9391019,77.7167774
519,MH-802776-008,"19.9837208, 73.8288571",Maharashtra,70,66.13,11,30,14,30.2,98.1,49.02,1,1.6,4,3.7,6.8,25.29,8,12,60,34800,1600,2,0,10,0,0,0,10,20,19.9837208,73.8288571
520,MH-802776-009,"19.9855614, 73.8292247",Maharashtra,40,32.85,9,30,6,28.6,93.9,19.61,1.1,1.4,0.93,2.3,6.1,6.9,2,14,57,230,1600,2,10,10,10,10,0,10,50,19.9855614,73.8292247
521,KA-803207-002,"17.373342, 76.872926",Karnataka,25,0,118,2,77.3,244,12.1,210.4,3.2,1.7,0.4,40,59,4,183,4.6,10,210,110,45,0,0,10,10,10,10,40,17.373342,76.872926
522,KA-803207-001,"17.2733834, 76.8080799",Karnataka,60,0,85,28,83.1,184,113,238.8,3.3,5.3,0.46,45,97,4.37,74,40,10,430,280,47,0,0,10,10,10,10,40,17.2733834,76.8080799
523,TS-802914-002,"18.1238485, 78.8720572",Telangana,7.25,6.75,42,26,10,104,124,40,1.17,0.4,2.1,48,52,15.6,23,45,9.75,240,110,2,10,10,0,0,10,10,40,18.1238485,78.8720572
524,UK-800313-001,"30.0580541, 78.2617716",Uttarakhand,26,16,5,35,11,26,104,30,0.05,0.4,0.2,1,1.8,1.8,5,4,3,540,20,15,10,10,10,10,10,10,60,30.0580541,78.2617716
525,PB-800173-001,"31.7369507, 75.747506",Punjab,2,0.5,22,58,60,77,193.6,183.6,3.2,1.2,1.6,48.2,22.8,26.4,5.9,38,54,1600,542,4,0,0,0,0,0,10,10,31.7369507,75.747506
526,PB-800175-002,"31.6348604, 75.8321511",Punjab,2,0.1,21,40,26,77,140.8,86.4,7.8,0.9,2.6,29.7,19.8,24.4,11.4,18,64,2000,253,12,0,0,0,0,0,10,10,31.6348604,75.8321511
527,PB-800209-001,"30.8554742, 74.9106581",Punjab,4,0,74,58,1,320,193.6,1,4.7,1.2,0.05,17.4,26.4,1,12.8,10,5,920,48,5,10,10,10,10,10,10,60,30.8554742,74.9106581
528,PB-800168-001,"31.4128568, 75.697741",Punjab,3,2.45,22,42,48,68,140.8,142.8,5.9,0.8,4.2,27,21.2,28.8,22.1,42,18,2000,177,4,0,0,0,0,10,10,20,31.4128568,75.697741
529,PB-800226-001,"30.1836605, 74.9527909",Punjab,52,48,16,63,40,80,211.2,129.6,0.05,1.5,3,0.1,27.2,20.6,5,8,56,35000,542,2,0,0,0,0,0,10,10,30.1836605,74.9527909
530,PB-800221-001,"30.456516, 74.885874",Punjab,6,4,35,68,26,107.3,228.8,96,4,0.9,1.2,35.4,22.4,28.03,20.3,22,10,1700,48,10,0,0,0,0,10,10,20,30.456516,74.885874
531,RJ-800540-001,"27.0399299, 74.7030684",Rajasthan,6,5.1,18.17,5,14,60.48,40,40,8.12,0.57,0.4,60.35,1,2.2,6.15,5,14,325,94,40,0,10,10,10,10,10,50,27.0399299,74.7030684
532,RJ-800534-001,"27.3856317, 74.5509283",Rajasthan,5,3.5,16.72,5,28,96.8,40,100,4.8,0.85,0.8,15.02,0.1,5.1,8,9,15,167,70,70,0,0,10,10,10,10,40,27.3856317,74.5509283
533,RJ-800460-001,"27.9713561, 73.3459248",Rajasthan,40,16,3,6,13,15,50,30,0.05,0.85,0.2,0.1,2,2.1,5,6,3,13,140,15,0,10,10,10,10,10,50,27.9713561,73.3459248
534,RJ-800508-004,"26.5049981, 76.7328305",Rajasthan,1.5,0.92,13.2,18,14.4,69.2,160,40.3,2.7,4.9,0.08,51.7,3,0.98,8.34,16,5,143,13,7,0,10,10,10,10,10,50,26.5049981,76.7328305
535,RJ-800508-002,"26.4848148, 76.7144999",Rajasthan,1.5,1.1,17.12,2,26.4,58.2,20,96.7,3.9,0.57,0.04,48.2,0.1,0.9,7,4,17,202,41,9,0,0,10,10,10,10,40,26.4848148,76.7144999
536,RJ-800508-001,"26.4742528, 76.6971768",Rajasthan,5.5,4.9,13.3,80,48.7,60.9,120,184,3.89,2,1.2,54.4,3,2.72,8.21,8,34.4,47,63,9,0,0,0,10,0,10,20,26.4742528,76.6971768
537,RJ-800508-003,"26.4768146, 76.7203438",Rajasthan,2.5,1.76,15.12,96,70.4,62.5,260,236,4.6,5.8,0.1,58.2,3.6,3.72,7.5,90,40.2,119,9.3,12,0,0,10,10,0,10,30,26.4768146,76.7203438
538,TS-900066-004,"17.8442568, 78.6723164",Telangana,0.5,0.48,58,26,10,140,122,50,0.82,0.8,3.97,54,38,14.6,68,12,3.1,272,94,2,10,10,0,0,10,10,40,17.8442568,78.6723164
539,TS-900066-003,"17.8371878, 78.7173461",Telangana,1.25,1.14,63,26,15,148,136,50,1.25,0.6,5.17,56,32,13.5,76,15,3.5,210,110,2,0,10,0,0,10,10,30,17.8371878,78.7173461
540,TS-900066-001,"17.8748183, 78.69307",Telangana,3.5,3.2,40,24,5,96,92,30,0.9,0.7,6.4,62,52,12.6,20,15,2.9,220,84,2,10,10,0,0,10,10,40,17.8748183,78.69307
541,KA-803214-001,"17.02702703, 76.78935143",Karnataka,5.83,0,1,2,5,2,8.1,20,1,0.79,1.3,2,2.1,8.8,10,1,10.7,90,170,2,10,10,0,10,10,10,50,17.02702703,76.78935143
542,JK-800013-028,"34.1144056, 74.8268379",Jammu And Kashmir,5.4,5.4,9,4,18,47,23,50,0.05,0.05,1.4,0.1,2.3,5.3,5,5,6,3500,700,25,0,10,0,10,10,10,40,34.1144056,74.8268379
543,HP-800106-003,"31.5449247, 76.8951899",Himachal Pradesh,4.5,4.5,4,4.8,1,18,28,5.5,0.05,0.05,0.32,1,2.28,1,5,5,5,1.8,1700,4,10,10,10,10,10,10,60,31.5449247,76.8951899
544,UK-800291-002,"30.5653068, 79.5528645",Uttarakhand,2.7,2.3,5,2,6.8,20,8,20,0.05,0.05,0.2,1,0.1,1.8,5,5,2,1.8,1.8,20,10,10,10,10,10,10,60,30.5653068,79.5528645
545,UK-800295-005,"30.2608919, 79.217611",Uttarakhand,0.1,0.04,4,2.6,7.2,16,15,20,0.05,0.05,0.3,0.1,0.8,1.8,5.6,5,14,54000,1700,25,10,10,10,10,10,10,60,30.2608919,79.217611
546,PB-800154-001,"31.6045328, 75.5267271",Punjab,2.5,2.1,460,36,3.7,172,123.2,10,18.2,0.6,0.9,208.2,17.8,4.2,63.6,9,2,1700,212,20,10,10,10,10,10,10,60,31.6045328,75.5267271
547,PB-800203-001,"30.9484813, 75.2275226",Punjab,4,4,16,54,2,53.6,180,8.2,3.7,0.6,0.16,15.1,21.2,1,11.5,9,5,2100,120,4,10,10,10,10,10,10,60,30.9484813,75.2275226
548,PB-800237-001,"30.1415142, 76.1922359",Punjab,10,0,12,24,1,23,80,6,2.5,1.2,0.05,20.8,21.4,1,23.6,4,5,920,177,20,10,10,10,10,10,10,60,30.1415142,76.1922359
549,PB-800223-002,"30.2587284, 75.2451729",Punjab,7.5,6.9,18,72,68,90,240,216,0.05,1.7,3.2,1,24.2,20.11,5,58,28,540,542,20,0,0,0,0,0,10,10,30.2587284,75.2451729
550,RJ-800462-001,"27.5390325, 73.4678483",Rajasthan,1,1,14.04,3,74.4,53.41,40,210,2.2,0.85,1.2,29.25,1.9,19.6,13.29,2,58,298.06,17,110,0,0,0,0,0,10,10,27.5390325,73.4678483
551,RJ-800578-001,"26.1669531, 75.8562806",Rajasthan,4,2.5,18.14,5,12,54.56,50,30,14.49,0.95,0.1,58.55,2,1.8,7.22,7.9,2,244,32,10,0,10,10,10,10,10,50,26.1669531,75.8562806
552,RJ-800473-003,"27.7026457, 74.4370919",Rajasthan,2,0.1,18.12,4,1.5,59.3,40,8,4.1,0.1,0.05,60.2,0.1,1,7.8,5,5,360,33,6,10,10,10,10,10,10,60,27.7026457,74.4370919
553,RJ-800578-002,"26.176167, 75.7454039",Rajasthan,16,10,18.56,4,15,54.15,40,40,14.18,0.65,0.2,58.14,1.9,2.4,7.08,9,4,318,17,15,0,10,10,10,10,10,50,26.176167,75.7454039
554,RJ-800460-002,"28.04767, 73.26574",Rajasthan,12,10,3,2,14,14,40,40,0.05,0.52,0.2,1,0.1,2.1,5,6,3,5400,9.3,15,0,10,10,10,10,10,50,28.04767,73.26574
555,RJ-800473-001,"27.6878717, 74.4899233",Rajasthan,5.5,1.5,18.25,2,1,56.22,20,4,10.13,0.1,0.05,60.74,0.1,1,5.98,2,5,233,93,4,10,10,10,10,10,10,60,27.6878717,74.4899233
556,RJ-800473-004,"27.7051484, 74.486652",Rajasthan,1.5,0.78,15.19,2,1.5,62.4,20,6,4.8,0.1,0.05,58.25,0.1,1,6.45,2,5,287,20,5,10,10,10,10,10,10,60,27.7051484,74.486652
557,RJ-800473-002,"27.7058235, 74.4838844",Rajasthan,1.5,0.7,14.12,2,1,60.3,20,4,4.22,0.1,0.05,59.2,0.1,1,5.8,3,5,403,120,3,10,10,10,10,10,10,60,27.7058235,74.4838844
558,TS-802918-034,"17.4365984, 78.3920224",Telangana,7,7,70,16,6,168,115,24,1.1,0.5,0.6,36,27,12,23,16,3,240,84,59,10,10,10,0,10,10,50,17.4365984,78.3920224
559,TS-802918-009,"17.43651, 78.3920538",Telangana,5,5,62,24,19,140,88,60,1.44,0.2,0.6,42,26,36,9,18,6,220,110,112,0,0,10,0,10,10,30,17.43651,78.3920538
560,TS-802918-033,"17.4964996, 78.3484896",Telangana,7,7,44,28,17,100,132,52,1.07,0.8,0.8,52,32,28,18,15,7,220,110,120,0,10,10,0,10,10,40,17.4964996,78.3484896
561,TS-802918-016,"17.4279483, 78.3735733",Telangana,7,7,74,12,24,176,46,80,1.86,0.6,0.8,62,34,28,76,12,14,439,94,98,0,0,10,0,10,10,30,17.4279483,78.3735733
562,JK-800028-001,"34.0093459, 75.3174592",Jammu And Kashmir,2,1.5,5,2.8,6.8,27,12,20,0.05,0.05,0.1,0.1,0.1,2.1,5,5,1,9400,240,20,10,10,10,10,10,10,60,34.0093459,75.3174592
563,TS-802918-006,"17.4237795, 78.5549407",Telangana,10,10,50,20,18,112,112,52,1.63,0.6,0.6,36,32,21,60,20,9,240,210,92,0,10,10,0,10,10,40,17.4237795,78.5549407
564,JK-800013-031,"34.0979233, 74.8751196",Jammu And Kashmir,4.5,4.5,3,3,16,16,17,50,0.05,0.05,1.1,1,1.82,3.1,5,5,1,1600,5400,20,0,10,10,10,10,10,50,34.0979233,74.8751196
565,UP-801109-001,"26.79375, 82.2113033",Uttar Pradesh,12,12,5,8.2,12,28,48,8,0.05,0.05,0.22,1,4.2,1,5,5,19,2200,1600,7,0,10,10,10,10,10,50,26.79375,82.2113033
566,UP-801109-002,"26.7934801, 82.2093659",Uttar Pradesh,6,6,6,8,10,21,50,6,0.05,0.05,0.18,0.1,4.6,1,5,5,16,22000,540,4,10,10,10,10,10,10,60,26.7934801,82.2093659
567,UP-800630-001,"29.9371906, 77.5510098",Uttar Pradesh,38,38,4,4,7,24,23,20,0.05,0.05,1.1,0.1,3.78,5.3,5,5,8,28000,9200,25,10,10,10,10,10,10,60,29.9371906,77.5510098
568,UP-801235-004,"25.3454809, 83.0471597",Uttar Pradesh,140,0,4,2.6,7,22,16,20,0.05,0.05,1.1,0.1,1.36,5.3,5,5,8,54000,920,30,10,10,10,10,10,10,60,25.3454809,83.0471597
569,TS-802918-019,"17.5057415, 78.3161882",Telangana,30,20,44,18,17,92,60,56,1.8,0.4,0.7,24,39,18,27,40,6,130,94,85,0,0,10,0,10,10,30,17.5057415,78.3161882
570,TN-803339-021,"13.014714, 80.250255",Tamil Nadu,0.6,0.59,32,18,13,76,52,52,0.9,0.2,0.83,32,31,55,7,25,4.8,210,74,70,0,10,10,0,10,10,40,13.014714,80.250255
571,KL-803267-005,"11.2778817, 75.8400816",Kerala,2,0,62,24,2,132,88,20,1.1,0.2,1.7,38,29,13.5,49,20,5.7,350,110,2,10,10,0,0,10,10,40,11.2778817,75.8400816
572,KL-803267-002,"11.2778962, 75.840099",Kerala,2.1,0,67,48,20,144,152,70,2.5,0.5,5.7,46,28,27.8,51,21,21.7,140,210,2,0,0,0,0,10,10,20,11.2778962,75.840099
573,KL-803312-002,"8.519366, 76.9212713",Kerala,5,3,63,18,9,140,52,49,1.1,0.3,1.4,41,47,39,131,25,1,430,79,70,10,10,0,0,10,10,40,8.519366,76.9212713
574,KL-803267-003,"11.2740366, 75.8348614",Kerala,1,0,100,20,10,220,80,40,1.5,0.7,4.1,45,32,11.8,80,10,4.5,280,94,2,10,10,0,0,10,10,40,11.2740366,75.8348614
575,KL-803287-001,"10.148914, 76.2317982",Kerala,0.15,0.15,76,18,4.2,164,76,20.2,4,0.5,0.34,42,42,19.2,63,18,1,280,79,79,10,10,10,0,10,10,50,10.148914,76.2317982
576,TS-802918-027,"17.336184, 78.4485332",Telangana,41.5,41.5,23,12,15,52,40,52,1.99,0.4,0.8,24,28,24,26,12,72,280,84,24,0,10,10,0,0,10,30,17.336184,78.4485332
577,TS-802918-022,"17.4377706, 78.4777229",Telangana,30,30,64,12,37,140,72,120,1.82,0.4,0.8,52,33,29,18,15,15,280,84,120,0,0,10,0,10,10,30,17.4377706,78.4777229
578,KL-803280-001,"10.5222628, 76.216588",Kerala,0.36,0.225,48,12,3.8,100,68,16.1,2.2,0.7,0.34,57,32,19.2,32,10,1,170,84,79,10,10,10,0,10,10,50,10.5222628,76.216588
579,KL-803258-001,"12.0398059, 75.3558497",Kerala,0.5,0.5,60,24,8.2,136,86,40.08,1.4,0.9,0.8,58,46,3.28,48,22,8,210,79,8,10,10,10,10,10,10,60,12.0398059,75.3558497
580,TN-803339-016,"12.9564401, 80.2354424",Tamil Nadu,60,40,16,54,3,56,192,11.9,2.5,0.5,0.13,32,42,27.4,10,32,1,220,120,210,10,10,10,0,10,10,50,12.9564401,80.2354424
581,WB-801686-002,"23.1742463, 88.5532144",West Bengal,4,2.7,13,16,15.6,29,38,67.2,1.4,4,0.6,33.9,11,11.92,12,16,19,350,12956,10,0,0,10,0,10,10,30,23.1742463,88.5532144
582,OD-801844-001,"20.471894, 85.849399",Odisha,36,27,16,21,12.8,39,48,33,0.52,8.6,1.7,16.3,14,9.8,15,17,3,46,11,8,0,10,0,10,10,10,40,20.471894,85.849399
583,OD-801844-002,"20.4407294, 85.9382052",Odisha,16,16,17,25,14.4,38,58,40.8,0.67,1.2,0.49,14.1,7.4,15.6,17,15,4,49,7.8,9,0,10,10,0,10,10,40,20.4407294,85.9382052
584,KA-803162-049,"12.9051063, 77.6101599",Karnataka,4,4,16,12,7.4,48.48,66,48.05,1,1.4,1.11,39.02,44.8,5.7,5,23,25,20,2,2,10,10,0,10,0,10,40,12.9051063,77.6101599
585,KA-803162-039,"12.8959914, 77.5753714",Karnataka,5,0.6,4,3.8,2,12.12,22,12.01,1,0.37,0.7,33.45,6.8,5,5,3,5,1,2,7,10,10,10,10,10,10,60,12.8959914,77.5753714
586,KA-803238-001,"12.7020609, 77.2554224",Karnataka,7.56,7.56,20,4.8,5.4,56,20.12,25.13,4,2.1,4.4,5,7.28,1.64,21,15,10,280,2,8,10,10,0,10,10,10,50,12.7020609,77.2554224
587,KA-803153-001,"13.7664945, 76.9043414",Karnataka,10.6,2.3,9,3.9,6.6,52,16.1,32.06,0.05,1,0.52,0.1,8.18,3.5,5,5,9,150,2,2,10,10,10,10,10,10,60,13.7664945,76.9043414
588,TS-802904-002,"18.6780277777777, 78.11625",Telangana,15,3,65,20,10,156,58,40,0.7,0.9,2.1,65,28,18.9,36,32,15.9,210,84,2,10,10,0,0,10,10,40,18.67802778,78.11625
589,TS-802904-001,"18.701484, 78.096440",Telangana,31.5,7,50,24,5,120,60,30,1.3,0.4,1.9,52,24,15.1,30,20,10.7,430,79,2,10,10,0,0,10,10,40,18.701484,78.09644
590,TN-803505-001,"11.5056326, 77.2334418",Tamil Nadu,4.08,0.8,26,2,8.6,52,12.4,36.6,2.1,5.7,1,38,42,8.2,6,5.6,7,150,170,10,10,10,10,10,10,10,60,11.5056326,77.2334418
591,TS-802918-020,"17.452062, 78.304539",Telangana,4.5,4,29,30,18,68,148,64,1.56,0.8,0.7,37,42,24,20,32,6,350,110,25,0,0,10,0,10,10,30,17.452062,78.304539
592,TS-802918-018,"17.4237168, 78.4460775",Telangana,0.5,0.5,40,24,15,96,112,48,0.11,0.6,0.5,60,41,21,28,23,8,350,94,46,0,10,10,0,10,10,40,17.4237168,78.4460775
593,TN-803542-001,"11.3381067, 77.745365",Tamil Nadu,50.55,26.847,48,2,7.6,116,8.3,38.6,1.35,4.5,1,26,32,8.6,9,2.8,6,350,110,10,10,10,10,10,10,10,60,11.3381067,77.745365
594,TN-803463-004,"11.661386, 78.1644594",Tamil Nadu,6,5,82,11,9,180,37,36,2.3,4.5,0.74,32,52,44,47,4.1,3.2,110,220,110,10,10,10,0,10,10,50,11.661386,78.1644594
595,KA-803194-005,"12.3383833, 76.6177165",Karnataka,8,8,4.4,2,3.8,26,4.1,16.75,0.16,1.9,10.19,8.8,29,14.8,3,1,5,9,140,7,10,10,0,0,10,10,40,12.3383833,76.6177165
596,KA-803173-002,"13.3347948, 76.2576105",Karnataka,12,0,8.5,12.5,20.5,37,52.31,76.08,0.58,1,1,10.8,15.11,9.3,9,35,46,80,2,2,0,0,10,10,0,10,30,13.3347948,76.2576105
597,MH-802663-002,"20.8084395, 76.6732152",Maharashtra,2,1,18,4.6,2.6,56.6,17,8,1.9,0.74,9.35,7.8,5.3,1.03,37,29,18,2,79,63,10,10,0,10,10,10,50,20.8084395,76.6732152
598,MH-802663-001,"20.7929839, 76.7042491",Maharashtra,7,4.5,21,5.8,3.9,63.9,26,12,2.8,0.92,13.76,7.4,6.4,1,33,17,15,348,220,1.8,10,10,0,10,10,10,50,20.7929839,76.7042491
599,PB-800196-003,"30.9649549, 75.8278905",Punjab,111,111,12,17,38,60,57.6,124.8,0.05,2.2,2.8,0.1,37.33,25.42,5,17,22,220,2,12,0,0,0,0,10,10,20,30.9649549,75.8278905
600,PB-800199-002,"30.8191385, 75.4828239",Punjab,12,0,5,6,18,7.6,20,64.8,2.4,0.1,1.8,33.8,6.2,18.67,17.8,8,8,2000,426,1.8,0,0,0,0,10,10,20,30.8191385,75.4828239
601,PB-800204-001,"31.1031288, 74.9689375",Punjab,4,4,32,8,2,107,20,8.8,3.2,0.1,0.28,34.4,12.4,1,8.4,1,5,1700,48,35,10,10,10,10,10,10,60,31.1031288,74.9689375
602,PB-800281-001,"30.3832124, 75.5094831",Punjab,20,0,2,30,26,12,100,96,0.05,0.1,3.2,0.1,9.8,23.07,5,6,20,4.5,428,10,0,0,0,0,10,10,20,30.3832124,75.5094831
603,PB-800181-001,"31.1399603, 76.1145029",Punjab,6,0,5,6,30,15,20,129.6,4.1,0.1,2.3,5.2,5.2,20.32,28.4,3,18,1600,27,1.8,0,0,0,0,10,10,20,31.1399603,76.1145029
604,MH-802811-018,"18.6312887, 73.7578302",Maharashtra,4,4,19,12,3,17.86,40,7,1,0.1,1,7.84,6.2,6.2,8,3,3,17,40,2,10,10,10,10,10,10,60,18.6312887,73.7578302
605,MH-802786-007,"19.2960381, 72.8437996",Maharashtra,8,8,3,6.5,5,10.1,20,39.6,3.9,0.1,1.73,7.1,0.3,4.6,4,18,121,37,348,2,10,10,0,10,0,10,40,19.2960381,72.8437996
606,PB-800161-001,"31.1258, 75.4645",Punjab,6,0,15,42,16,38,140,43.2,4.8,0.4,0.8,14.2,15.6,11.3,18.3,8,8,1700,32,4,0,10,10,0,10,10,40,31.1258,75.4645
607,PB-800169-001,"31.4559373, 75.493566",Punjab,4,3.43,55,47,38,146,158.4,122.4,5.2,0.64,2.8,49.4,17.6,22.8,23.2,10,12,2000,177,9,0,0,0,0,10,10,20,31.4559373,75.493566
608,PB-800176-003,"31.5022353, 75.8694475",Punjab,30,0,4,42,26,23,140,86.4,0.05,0.7,2.6,0.1,18.6,16.14,5,42,52,110000,542,24,0,0,0,0,0,10,10,31.5022353,75.8694475
609,PB-800144-001,"32.2568646, 75.6015754",Punjab,27,0,2,24,7.1,12,80,20,0.05,0.4,2.6,0.1,17.2,14.6,5,6,2,1.8,212,25,10,10,0,0,10,10,40,32.2568646,75.6015754
610,PB-800155-001,"31.3841401, 75.3709844",Punjab,25,25,11.26,54,28,90,180,110,5.0179,1.6,0.9,8.19,26.6,7.8,14,22,10,540,345,55,0,0,10,10,10,10,40,31.3841401,75.3709844
611,PB-800155-003,"31.3140383, 75.3279171",Punjab,2,1.6,5,48,8,25,160,20,0.05,1.2,0.9,1,22.6,4.2,5,18,2,350,542,20,10,10,10,10,10,10,60,31.3140383,75.3279171
612,PB-800160-001,"31.074949, 75.327769",Punjab,3,1.5,32,30,18,107,100,54,3.2,0.65,0.8,20.2,17.4,19.15,8.4,18,22,1700,84,10,0,10,10,0,10,10,40,31.074949,75.327769
613,PB-800252-002,"31.6546388888888, 74.7831388888888",Punjab,95,95,19,47,22,100,158.4,60,0.05,0.7,0.8,0.1,22.6,7.6,5,24,31,14000,58,34,0,0,10,10,0,10,30,31.65463889,74.78313889
614,PB-800252-003,"31.5680524, 74.8992086",Punjab,27.5,20,8,48,24,40,158.4,60,0.05,0.5,1.2,0.1,17.6,14.8,5,0.6,2,23,184,25,0,0,0,0,10,10,20,31.5680524,74.8992086
615,PB-800276-001,"30.120625, 75.7963083",Punjab,8,7,7,36,12,38,123.2,54,0.05,0.9,1.6,1,18.6,4.8,5,18,18,1.8,109,30,0,10,0,10,10,10,40,30.120625,75.7963083
616,PB-800277-001,"30.056399, 75.990044",Punjab,3,2.4,6,42,12.5,29,140.8,52,0.05,0.9,1.26,0.1,19.4,1,5,16,18,1.8,148,50,0,10,0,10,10,10,40,30.056399,75.990044
617,PB-800252-001,"31.6551383, 74.7833017",Punjab,95,95,8,63,8,40,211.2,20,0.05,1.6,0.5,0.1,28.2,4.4,5,68,2,3500,278,16,10,10,10,10,10,10,60,31.6551383,74.7833017
618,PB-800216-001,"30.2085282, 74.6284598",Punjab,7,7,8,30,40,40,100,134.4,0.05,0.6,3.4,1,21.2,21.46,5,64,58,1.8,542,1.8,0,0,0,0,0,10,10,30.2085282,74.6284598
619,RJ-800453-001,"29.3096098, 73.8856049",Rajasthan,2.5,1.5,18.63,10,17.2,56.41,190,50,10.57,1,0.9,60.36,2,5.2,5.17,6,38,315,24,45,0,10,10,10,0,10,40,29.3096098,73.8856049
620,RJ-800506-003,"26.7543575, 77.0556356",Rajasthan,5,4,16.27,9,11,63.58,40,30,5.21,0.95,0.2,58.2,2,2.8,7.02,6,12,82,14,10,10,10,10,10,10,10,60,26.7543575,77.0556356
621,RJ-800453-002,"29.328757, 73.8912038",Rajasthan,2.5,1.7,16.1,4,22.4,50.48,40,70,12.4,0.85,0.8,55.12,1,5.6,5.58,3,56,289,21,55,0,0,10,10,0,10,30,29.328757,73.8912038
622,RJ-800484-001,"27.8504591, 75.2521531",Rajasthan,3,2.65,15.7,4,25,67.3,40,80,3.7,0.65,0.6,50.5,1,3.4,8.31,2,18,42,12,20,0,0,10,10,10,10,40,27.8504591,75.2521531
623,RJ-800455-002,"29.596004, 74.2990474",Rajasthan,5,5,17.91,6,19.4,64.97,40,60,3.8,0.52,0.44,26.1,1,4.6,11.84,6,45,340.58,21,45,0,0,10,10,0,10,30,29.596004,74.2990474
624,RJ-800506-002,"26.7351815, 77.0557434",Rajasthan,0.75,0.38,16.02,6,15,61.02,40,40,4.02,0.63,0.34,59.33,2,3.8,7.1,4,18,38,17,16,0,10,10,10,10,10,50,26.7351815,77.0557434
625,KA-803090-001,"14.8029293, 74.1287169",Karnataka,1.5,0,6,4.4,7.12,34,20.12,28,0.05,2.74,0.1,0.1,10,1.1,5,5,10,170,2,34,10,10,10,10,10,10,60,14.8029293,74.1287169
626,TN-803821-001,"8.8714972, 78.152593",Tamil Nadu,28,7.8,43,5.4,4.9,88,16.9,25.13,3.9,1.2,9.06,32,36,16.6,13,4,11,170,170,2,10,10,0,0,10,10,40,8.8714972,78.152593
627,MH-802765-001,"19.8374187, 75.2883503",Maharashtra,161,70,5,26,9,16,78,24.1,1.4,1.9,3.47,4.6,10.5,1,2,7,10,490,1600,79,10,10,0,10,10,10,50,19.8374187,75.2883503
628,MH-802765-002,"19.8533668, 75.4178967",Maharashtra,35,10,16,24,10.09,47.3,77.1,28.11,1.5,1.3,4.89,4.2,6.35,1,6,8,10,140,350,1.8,10,10,0,10,10,10,50,19.8533668,75.4178967
629,MH-802776-002,"20.0006708, 73.8162983",Maharashtra,52,51.34,8,27,11,26.9,84,39.22,1.1,1.3,1.57,3.3,6.1,11.49,5,18,85,5420,16000,1600,10,10,0,0,0,0,20,20.0006708,73.8162983
630,MH-802776-001,"19.9981666666666, 73.8176666666666",Maharashtra,78,78,12,28,6.5,36.7,86,19.61,1,1.8,1.61,3.8,4.2,4.6,4,20,55,34800,16000,900,10,10,0,10,0,0,30,19.99816667,73.81766667
631,MH-802737-001,"19.154646, 77.346316",Maharashtra,87,50,15,32,2.5,45.5,92.7,8,1.2,2.7,2.33,5,13.6,1,4,10,28,2,70,17,10,10,0,10,0,10,40,19.154646,77.346316
632,MH-802785-001,"19.4514478, 72.8007258",Maharashtra,30,30,18,83.6,5.2,56.3,28,16,1.2,2.1,8.03,4.8,10.8,5.14,13,5,18,5420,16000,110,10,10,0,10,10,10,50,19.4514478,72.8007258
633,KA-803137-001,"13.9415716, 75.5959909",Karnataka,35.58,0,8.4,2,7.4,43,5,36.07,0.11,1.41,1,5.2,6.97,8.2,16,5,13,30,2,2,10,10,10,10,10,10,60,13.9415716,75.5959909
634,KA-803105-001,"14.6873365, 75.4710668",Karnataka,5,5,8,2,6.8,24.6,5,33.5,1.341,1,1.5,22.64,7.52,7.6,5,5,22,92,2,2,10,10,0,10,10,10,50,14.6873365,75.4710668
635,KA-803060-001,"17.868842, 77.526515",Karnataka,17.26,17.26,75,4.2,2,164,20.08,10,6.3,1,0.95,52,6.47,10.26,55,15,2.5,220,2,2,10,10,10,10,10,10,60,17.868842,77.526515
636,KA-803120-003,"14.2391074, 76.4080377",Karnataka,20,20,12,2,8.2,37.4,8.03,40.92,6.75,1.3,6.5,42.44,4.37,16.9,5,7,11,,2,2,10,10,0,0,10,10,40,14.2391074,76.4080377
637,KA-803060-003,"17.9218345, 77.509256",Karnataka,17.26,0,70,2,4.42,152,12.05,16.2,1.9,1,2.3,45,7.44,20.8,49,10,10,140,7,43,10,10,0,0,10,10,40,17.9218345,77.509256
638,KA-803060-002,"17.931311, 77.46889",Karnataka,7,0,72,2,10,160,8.03,40,5.9,1,1.55,48,3.58,11,52,6,2.1,170,2,2,10,10,0,10,10,10,50,17.931311,77.46889
639,KA-803142-001,"13.2121,74.9859",Karnataka,3,3,6,2,5.6,20,8.03,20.94,4,1.96,1,2,4.62,11.4,14,6,25,300,14,5,10,10,10,0,0,10,40,13.2121,74.9859
640,KA-803162-025,"13.0438065, 77.4906524",KARNATAKA,20,,28,20,13,100,80,72.07,0.44,0.25,0.82,56.8,40.7,4.8,40,58,19,300,240,2,0,0,10,10,10,10,40,13.0438065,77.4906524
641,KA-803162-020,"13.04402, 77.66332",KARNATAKA,20,,4.4,4.8,7.6,22,26,32.03,2,1.8,2.92,20.7,6.6,7.2,4,3,10,2,2,5,10,10,0,10,10,10,50,13.04402,77.66332
642,KA-803162-004,"13.0431729, 77.6040396",Karnataka,100,100,16,7.4,17.4,45.76,30,97.44,2.08,1.9,40.76,121.66,8.4,8.4,5,5,8,1,2,2,0,0,0,10,10,10,30,13.0431729,77.6040396
643,KA-803162-023,"12.9158632, 77.4899254",KARNATAKA,60,,4.4,140,3.3,24,1205,12.56,1.3,2,1.09,5.2,6.7,12.5,2,5,5,2,500,11,10,10,10,0,10,10,50,12.9158632,77.4899254
644,KA-803162-008,"12.9403642, 77.6549511",Karnataka,60,60,18,3.6,6.4,108,16,25.13,1.84,3.1,0.5,14.2,9.6,2.05,26,3,12,110,2,7,10,10,10,10,10,10,60,12.9403642,77.6549511
645,PB-800202-001,"30.8058682, 75.1562531",Punjab,27,27,5,32,3.5,26,105.6,15,0.05,0.1,0.98,0.1,16.8,1,5,8,5,9200,40,8,10,10,10,10,10,10,60,30.8058682,75.1562531
646,CG-801991-001,"21.0674523, 81.0620362",Chhattisgarh,6.2,6.2,19,21,26,95.2,49,80,6.2,3.8,1.4,12.1,14,11.6,8,54,46,140,46,50,0,0,0,0,0,10,10,21.0674523,81.0620362
647,CG-802034-003,"21.34621, 81.635482",Chhattisgarh,90,90,4.1,11,15,20,27,35,0.16,1.2,1.5,0.56,6.3,23,4,16,38,1.8,11,55,0,10,0,0,0,10,20,21.34621,81.635482
648,CG-802052-001,"20.7200,81.5231",Chhattisgarh,19.6,19.6,20,41,14,97.6,90,40,6.8,2.8,0.4,13.9,14,3.2,9,35,12,130,13,25,0,10,10,10,10,10,50,20.72,81.5231
649,KL-803259-002,"11.8787662, 75.359522",Kerala,1,0,126,20,3.4,280,80,16.03,1.5,0.6,0.5,35,36,1.7,282,21,5,170,84,7,10,10,10,10,10,10,60,11.8787662,75.359522
650,KL-803278-002,"10.5810181, 76.0404601",Kerala,3,0,104,28,6.2,224,72,28.1,1.6,0.3,0.62,43,46,28.8,88,8,4.2,130,84,70,10,10,10,0,10,10,50,10.5810181,76.0404601
651,KL-803288-001,"9.9708494, 76.305785",Kerala,5,4.55,50,16,3.8,104,68,16.2,1.6,0.2,0.38,46,37,18.1,38,21,1,430,110,63,10,10,10,0,10,10,50,9.9708494,76.305785
652,KL-803312-001,"8.4584125, 76.9382349",Kerala,107,107,45,16,8.2,96,64,40,0.9,0.6,0.86,36,32,36.2,32,23,1,280,94,84,10,10,10,0,10,10,50,8.4584125,76.9382349
653,TS-802918-015,"17.482582, 78.4238156",Telangana,12,12,60,24,22,148,164,72,0.72,0.5,0.5,76,34,42,45,24,8,350,110,152,0,0,10,0,10,10,30,17.482582,78.4238156
654,TS-802918-026,"17.3975617, 78.5766301",Telangana,86.5,55,60,12,9,144,60,20,2.4,0.7,0.6,82,28,26,60,22,7,350,120,142,10,10,10,0,10,10,50,17.3975617,78.5766301
655,TS-802918-031,"17.4548318, 78.4531546",Telangana,133,70,49,30,11,112,84,36,0.95,0.3,0.9,50,33,32,30,21,7,540,110,194,10,10,10,0,10,10,50,17.4548318,78.4531546
656,UP-800665-001,"29.3737829, 78.1041763",Uttar Pradesh,24,23,14,3.8,2,70,22,8.5,0.05,0.05,0.62,0.1,2.8,1,5,5,5,1.8,1.8,6,10,10,10,10,10,10,60,29.3737829,78.1041763
657,UP-800716-001,"28.9397285, 77.7570358",Uttar Pradesh,72,72,4,3,11,20,17,30,0.05,0.05,1.4,0.1,1.26,8.1,5,5,10,28000,9200,40,10,10,0,10,10,10,50,28.9397285,77.7570358
658,UP-800737-001,"28.7118621, 77.7712973",Uttar Pradesh,30,7.2,7,5.8,15,30,36,12,0.05,0.05,0.35,0.1,1.98,1,5,5,22,110,540,9,0,10,10,10,10,10,50,28.7118621,77.7712973
659,UP-801160-003,"26.7126469, 83.4087255",Uttar Pradesh,30,30,6,7,7.5,28,42,27,0.05,0.05,0.35,1,2.32,6.75,5,5,17,170,1.8,18,10,10,10,10,10,10,60,26.7126469,83.4087255
660,UP-801160-005,"26.7767217, 83.3457817",Uttar Pradesh,10,0,6,3.2,3.5,30,19,12,0.05,0.05,0.42,0.1,2.64,1,5,5,18,540,2200,12,10,10,10,10,10,10,60,26.7767217,83.3457817
661,UP-801235-003,"25.3881909, 82.997269",Uttar Pradesh,120,0,2,2.4,7.3,12,13,20,0.05,0.05,0.22,0.1,0.86,9.8,5,5,14,1.8,1.8,30,10,10,10,10,10,10,60,25.3881909,82.997269
662,WB-801716-001,"22.606669, 88.4208181",West Bengal,27,27,51,43,15.4,108,97,57.6,1.9,4.6,0.54,28.2,18,9.24,19,28,17,39,5792,10,0,0,10,10,10,10,40,22.606669,88.4208181
663,KA-803067-002,"16.1802073, 77.3312026",Karnataka,8,4.9,7,12.5,5.64,42,52.21,20.2,0.05,2.06,0.56,0.1,18.31,2.02,5,23,10,1000,2,40,10,10,10,10,10,10,60,16.1802073,77.3312026
664,KA-803023-001,"16.454937, 74.5732019",Karnataka,5.8,0,39,8.6,6.18,104,36.14,16,1,1,0.23,3,11.53,0.98,115,15,10,2,2,38,10,10,10,10,10,10,60,16.454937,74.5732019
665,PB-800149-002,"31.7904127, 75.167314",Punjab,30,30,3,36,3.7,18,123.2,10,0.05,0.1,0.1,0.1,19.4,2.2,5,22,1,350,175,15,10,10,10,10,10,10,60,31.7904127,75.167314
666,CG-801939-001,"21.8793091, 83.402057",Chhattisgarh,25,25,21,17,22.5,64.6,39,90,4.2,1.2,4.64,59.6,1.4,16.24,7,22,42,170,2088,80,0,0,0,0,0,10,10,21.8793091,83.402057
667,CG-801939-002,"21.8727193, 83.4183413",Chhattisgarh,7,7,18,21,14,94.7,49,60,5.9,0.5,2.6,11.7,6.1,12.62,7,56,18,140,27,45,0,0,0,0,10,10,20,21.8727193,83.4183413
668,CG-802064-001,"19.1369269, 82.0151227",Chhattisgarh,25,25,17,9,7.2,101.6,20,20,1.4,1.5,0.3,32.8,12,5.6,80,78,22,220,6478,55,10,10,10,10,10,10,60,19.1369269,82.0151227
669,OD-801819-002,"22.2142281, 84.8062956",Odisha,40,0,26,24,2.2,56,58,7.2,0.48,1.6,0.5,9.79,9.7,4.25,13,37,1.8,110,79,10,10,10,10,10,10,10,60,22.2142281,84.8062956
670,OD-801813-002,"21.4319489, 83.9889853",Odisha,40,9,22,13,2.3,47,29,8.15,0.63,0.7,0.5,9.8,5,3.9,18,48,2.1,140,2912,13,10,10,10,10,10,10,60,21.4319489,83.9889853
671,TS-802918-028,"17.3866533, 78.5780817",Telangana,320,100,64,12,8,148,52,32,0.7,0.4,0.9,65,34,15,26,15,4,210,84,218,10,10,10,0,10,10,50,17.3866533,78.5780817
672,TS-802927-001,"17.1357885, 79.6267778",Telangana,10,5,76,20,5,184,96,20,2.58,0.2,1.1,54,41,9.5,9,10,1.9,240,110,2,10,10,10,10,10,10,60,17.1357885,79.6267778
673,GJ-802629-026,"21.2209168, 72.7653501",Gujarat,200,135,7.7,2.75,1,21.04,8.8,7.56,6.8,0.1,0.761,9.76,5,2,6,10,2,2,2,34,10,10,10,10,10,10,60,21.2209168,72.7653501
674,KA-803109-001,"15.2992472, 76.3865044",Karnataka,27,27,72,2,13,160,12.05,47.6,1.9,1.45,1.2,36,5.85,22.6,64,18,10,140,2,79,0,10,0,0,10,10,30,15.2992472,76.3865044
675,RJ-800481-001,"28.2487438, 75.6429834",Rajasthan,3,2.3,15.23,5,29,62.51,50,120,4.1,0.95,1.2,58.4,1,16.4,7.2,6,18,45,20,60,0,0,0,0,10,10,20,28.2487438,75.6429834
676,RJ-800498-002,"27.2050344, 77.5472916",Rajasthan,5,4,18.12,2,3,65.3,40,9,6.6,0.52,0.21,60.2,1,1,7.9,3,12,285,70,4,10,10,10,10,10,10,60,27.2050344,77.5472916
677,RJ-800481-002,"28.2638807, 75.6413422",Rajasthan,2,1,15.12,4,45,60.3,40,180,3.6,0.52,1.8,58.2,1,20.4,7.8,3,16,215,13,85,0,0,0,0,10,10,20,28.2638807,75.6413422
678,RJ-800460-003,"27.9748021, 73.2827341",Rajasthan,20,13,12,3,28,60,40,90,0.05,0.65,0.6,0.1,1.9,4.4,5,4,12,1700,33,45,0,0,10,10,10,10,40,27.9748021,73.2827341
679,RJ-800476-001,"28.1434792, 75.4171739",Rajasthan,7,7,20.54,2,7.3,61.41,20,20,6.72,0.62,0.3,60.18,0.1,1.8,6.48,3,2,310,39,25,10,10,10,10,10,10,60,28.1434792,75.4171739
680,RJ-800498-003,"27.2051939, 77.5473496",Rajasthan,8,6,19.42,2,5,61.34,20,17,5.65,0.62,0.38,56.22,1,1,6.55,6,16,287,170,5,10,10,10,10,10,10,60,27.2051939,77.5473496
681,UP-801160-001,"26.7330764, 83.4180144",Uttar Pradesh,15,15,5,3.6,4,25,19,18,0.05,0.05,0.22,0.1,1.38,3,5,5,15,9200,79,6,10,10,10,10,10,10,60,26.7330764,83.4180144
682,MP-802200-001,"24.4540723, 74.8958289",Madhya Pradesh,9.5,5,7.5,5.4,22.8,21.04,32,190,0.7,0.05,2.45,13.81,2.22,10.64,8,5,14,2,700,278,0,0,0,10,10,0,20,24.4540723,74.8958289
683,UP-800652-001,"29.4507253, 77.6876033",Uttar Pradesh,32.5,32.5,8,6.4,27,40,38,100,0.05,0.05,1.2,0.1,2.8,5.3,5,5,38,35000,1.8,50,0,0,0,10,0,10,20,29.4507253,77.6876033
684,UP-800736-002,"28.7067576, 77.6635553",Uttar Pradesh,3,3,12,4.4,7.9,60,26,32,0.05,0.05,0.31,0.1,1.96,1,5,5,17,1700,920,35,10,10,10,10,10,10,60,28.7067576,77.6635553
685,MP-802159-003,"23.86388, 78.6815533",Madhya Pradesh,43,26,1.4,3.8,3.8,9.2,22,10,5.49,0.05,0.2,9.5,1.3,4.9,11,5,1,2,540,30,10,10,10,10,10,10,60,23.86388,78.6815533
686,RJ-900600-002,"26.7943905, 75.841177",Rajasthan,62.5,62.5,4,10,3,20,100,15.5,0.05,1.9,0.52,0.1,2,3.5,5,2,17,14000,130,10,10,10,10,10,10,10,60,26.7943905,75.841177
687,RJ-800623-002,"24.5755,73.7339",Rajasthan,10,10,3,2,4,10,10,13,0.05,0.1,0.15,0.1,0.1,1,5,2,19,5400,39,7,10,10,10,10,10,10,60,24.5755,73.7339
688,RJ-800623-001,"24.5622665, 73.755692",Rajasthan,25,25,3,3,8,14,20,5,0.05,0.65,0.12,0.1,0.1,1,5,2,15,1.8,32,5,10,10,10,10,10,10,60,24.5622665,73.755692
689,RJ-800623-004,"24.5622665, 73.755692",Rajasthan,20,20,13,2,11,78,10,7,0.05,0.1,0.25,0.1,0.1,1,5,2,19,110,12,8,10,10,10,10,10,10,60,24.5622665,73.755692
690,RJ-800555-001,"24.9020149, 72.8478084",Rajasthan,5,5,15.51,2.8,2,61.25,37,8.5,2.09,0.42,0.05,29.82,1.5,1,10.17,4.5,8,394.98,78,5,10,10,10,10,10,10,60,24.9020149,72.8478084
691,RJ-800559-001,"26.2326647, 73.9162053",Rajasthan,2,2,19.12,2.8,28,64.3,32,90,4.7,0.37,0.8,59.2,1.2,5.2,7.05,4.2,22,186,30,25,0,0,10,10,10,10,40,26.2326647,73.9162053
692,RJ-800628-001,"24.0285862, 74.7674206",Rajasthan,7,5,18.73,3,6.12,56.57,48,12.1,10.24,0.45,0.05,60.89,1.2,0.74,5.32,4.5,5,235,62,12,10,10,10,10,10,10,60,24.0285862,74.7674206
693,RJ-800605-006,"24.8903434, 74.6308668",Rajasthan,3,1.5,19.75,2,6.8,53.37,40,20.1,3.11,0.68,0.02,28.67,1.9,0.72,6.63,3,5,304.23,92,12,10,10,10,10,10,10,60,24.8903434,74.6308668
694,RJ-800561-006,"25.7721641, 73.2957583",Rajasthan,7.5,7.5,13.8,2,9,64.3,48,38,3.7,0.28,0.05,55.7,1,1,8.67,3.5,12,213,28,10,10,10,10,10,10,10,60,25.7721641,73.2957583
695,RJ-800561-005,"25.7719126, 73.2957466",Rajasthan,15,15,16.2,2.8,6.5,68.4,37,28,3.55,0.35,0.05,51.3,1.8,1,8.31,4,8,142,55,8,10,10,10,10,10,10,60,25.7719126,73.2957466
696,DL-900118-012,"28.603027, 77.326686",Delhi,204.3,204.3,5,3.6,24,20,22,78,0,0.05,1.9,0,1.2,19.6,0,5,30.6,2800,5400,112,0,0,0,0,0,10,10,28.603027,77.326686
697,RJ-800602-001,"23.1899, 74.4488",Rajasthan,1,1,16.12,4,2,61.3,35,4.03,4.22,0.85,0.08,59.2,1.9,0.82,6.35,3.5,5,148,28,12,10,10,10,10,10,10,60,23.1899,74.4488
698,RJ-800608-001,"24.4225907, 74.4777519",Rajasthan,1.5,1.2,5,3,6.94,30,45,16.1,0.05,0.65,0.02,1,1.9,0.72,5,4,5,240,42,11,10,10,10,10,10,10,60,24.4225907,74.4777519
699,RJ-800617-001,"24.6178489, 76.174286",Rajasthan,6,6,17,10,13.4,96.5,45,32.2,5.9,2.1,0.09,11.35,17.6,0.96,7.8,9,5,260,342,11,0,10,10,10,10,10,50,24.6178489,76.174286
700,KA-803162-022,"13.0944289, 77.6057094",KARNATAKA,15,15,2.6,4.2,3,12,24,16.02,0.2,0.22,0.62,21.4,29.6,1,2,4,5,2,2,2,10,10,10,10,10,10,60,13.0944289,77.6057094
701,KA-803162-016,"13.0440147, 77.6630838",KARNATAKA,20,,2.6,8.2,6.2,18,36,24.02,0.12,1,0.95,6.6,14.4,2.3,7,7,5,2,26,2.5,10,10,10,10,10,10,60,13.0440147,77.6630838
702,KA-803162-018,"13.093612, 77.5901127",KARNATAKA,10,,13.2,4.2,3.3,67,20,16.02,3.1,2.7,0.77,32,5.7,2.3,2.5,3,5,110,2,2.3,10,10,10,10,10,10,60,13.093612,77.5901127
703,KA-803162-017,"13.0827252, 77.5135503",KARNATAKA,5,,5.6,3.2,2,16.7,14,8.03,0.65,0.87,0.56,41,6.8,2.5,5.3,3,12,170,2,2,10,10,10,10,10,10,60,13.0827252,77.5135503
704,KA-803162-002,"13.034615, 77.6254733",KARNATAKA,1,,15,16,8,46,62,5,0.97,1.6,0.5,57,46.8,2.4,6.8,23,12,280,80,2,10,10,10,10,10,10,60,13.034615,77.6254733
705,KA-803162-024,"13.10962, 77.57581",KARNATAKA,7,,5.6,16,8.6,29.2,78,44.04,0.61,1.3,0.5,43,26.8,2.3,5.6,25,14,70,2,2,10,10,10,10,10,10,60,13.10962,77.57581
706,RJ-800622-001,"24.8007317, 74.092725",Rajasthan,1,1,15.27,2,1,62.58,20,8,5.1,0.1,0.12,57.2,0.1,1,7.28,2,9,148,47,2,10,10,10,10,10,10,60,24.8007317,74.092725
707,RJ-800598-001,"24.9393512, 73.8077624",Rajasthan,11.25,4.5,15.18,4,23.8,62.25,4,56,4.15,0.82,0.04,58.28,0.1,2.72,6.9,9,6.3,167,110,7,0,0,10,10,10,10,40,24.9393512,73.8077624
708,KA-803108-001,"15.037853, 75.912587",Karnataka,4.27,4,26,11.5,4.34,72,48,15.8,2,2.2,1.81,20,63,12.2,42,4.8,10,220,170,79,10,10,0,0,10,10,40,15.037853,75.912587
709,KA-803162-015,"12.9181926, 77.4942979",KARNATAKA,75,,8.2,66,3.7,36,321,16.75,1.5,1.5,0.5,7.9,27.8,1.42,16,72,5,17,2,2,10,10,10,10,10,10,60,12.9181926,77.4942979
710,KA-803162-021,"13.0434995, 77.6456191",KARNATAKA,40,,18,14,2,73,66,12.01,0.4,0.96,2.12,48.2,52.8,6.9,18,28,5,2,2,2,10,10,0,10,10,10,50,13.0434995,77.6456191
711,KA-803162-019,"13.045557, 77.6462396",KARNATAKA,40,,8.2,4.6,2,34,24,8.01,0.1,0.29,2.16,23.4,25.4,8.4,6,5,5,2,2,2,10,10,0,10,10,10,50,13.045557,77.6462396
